EmployeeID,Name,Age,Gender,Department,Salary,City,JoinDate
1,Employee_1,58.0,Male ,Finance,49256.0,Pune,2023-01-31
2,Employee_2,32.0,Female,Finance,91426.0,Aurangabad,2023-10-12
3,Employee_3,28.0,Male,Sales,48221.0,Nagpur,2023-04-10
4,Employee_4,20.0,Male ,IT,90284.0,Kolhapur,2024-09-25
5,Employee_5,41.0,Female,Sales,106673.0,Nagpur,2023-10-12
6,  Employee_6  ,41.0,Male ,,107841.0,Mumbai,2024-06-30
7,Employee_7,28.0,Male,IT,109733.0,Nagpur,2023-10-02
8,Employee_8,54.0,Female,IT,104259.0,Mumbai,2023-09-10
9,Employee_9,55.0,Male ,Finance,96484.0,Pune,2025-02-12
10,Employee_10,28.0,Male ,Finance,,Aurangabad,2023-09-15
11,Employee_11,25.0,Female,Finance,58469.0,Pune,2025-01-09
12,Employee_12,34.0,Female,IT,101959.0,Mumbai,2024-07-06
13,Employee_13,56.0, male ,HR,,Pune,2023-09-04
14,Employee_14,23.0,female,Finance,119693.0,Aurangabad,2023-06-19
15,Employee_15,56.0,FEMALE,Marketing,108039.0,Nagpur,2023-05-04
16,Employee_16,22.0,Female,Sales,97128.0,Pune,2025-05-30
17,Employee_17,60.0,Female,Finance,114811.0,Nagpur,2023-07-14
18,Employee_18,45.0,Male,Finance,81213.0,Kolhapur,2023-12-14
19,Employee_19,30.0,Female,Sales,56509.0,Nagpur,2025-04-07
20,Employee_20,53.0,FEMALE,Finance,32224.0,Nagpur,2023-08-07
21,Employee_21,18.0,FEMALE,,79638.0,Kolhapur,2025-03-13
22,Employee_22,49.0,female,IT,27665.0,Pune,2023-02-21
23,Employee_23,50.0,Male,Marketing,27455.0,Pune,2024-11-22
24,Employee_24,43.0,FEMALE,,95880.0,Aurangabad,2024-08-01
25,Employee_25,34.0,FEMALE,IT,108039.0,Pune,2023-01-10
26,Employee_26,54.0,Female,IT,86307.0,Nashik,2023-06-11
27,Employee_27,52.0,Female,IT,107538.0,Pune,2023-04-20
28,Employee_28,27.0,Male ,Finance,110111.0,Nashik,2025-05-16
29,Employee_29,58.0,Female,,37146.0,Nagpur,2024-07-18
30,Employee_30,53.0, male ,Marketing,110573.0,Aurangabad,2023-06-01
31,Employee_31,20.0, male ,Marketing,47535.0,Nagpur,2024-09-27
32,Employee_32,29.0,female,,63540.0,Mumbai,2023-10-01
33,Employee_33,20.0, male ,HR,80332.0,Mumbai,2023-01-25
34,Employee_34,22.0,Male,Sales,72386.0,Nashik,2023-07-02
35,Employee_35,,Male ,Marketing,61114.0,Pune,2024-01-30
36,Employee_36,30.0, male ,Finance,88146.0,Pune,2024-11-11
37,Employee_37,25.0,FEMALE,,73528.0,Nashik,2024-07-21
38,Employee_38,44.0, male ,IT,100676.0,Mumbai,2024-03-16
39,Employee_39,47.0,female,HR,87000.0,Kolhapur,2023-03-28
40,Employee_40,60.0,Female,HR,118453.0,Pune,2023-02-17
41,Employee_41,22.0,female,,74321.0,Nagpur,2024-05-21
42,Employee_42,27.0,Male,Marketing,111214.0,Mumbai,2025-05-18
43,Employee_43,60.0,Male ,Finance,100301.0,Mumbai,2025-01-31
44,Employee_44,33.0,FEMALE,Sales,51358.0,Kolhapur,2023-10-20
45,Employee_45,39.0,female,HR,38136.0,Pune,2024-02-29
46,Employee_46,52.0,Male ,Finance,75069.0,Nagpur,2023-01-07
47,Employee_47,37.0,Male,Finance,77125.0,Nashik,2024-11-15
48,Employee_48,43.0,Male,,101560.0,Nagpur,2023-05-19
49,Employee_49,,FEMALE,IT,62840.0,Nagpur,2023-09-16
50,Employee_50,48.0,Male,HR,65870.0,Mumbai,invalid_date
51,Employee_51,27.0, male ,HR,80952.0,Aurangabad,2024-09-13
52,Employee_52,28.0,FEMALE,,60888.0,Mumbai,2023-03-19
53,Employee_53,58.0,female,IT,65508.0,Pune,2024-06-02
54,Employee_54,18.0,female,HR,103307.0,Nagpur,2023-06-30
55,Employee_55,52.0, male ,HR,115817.0,Pune,2023-10-13
56,Employee_56,54.0,Female,Finance,,Mumbai,2023-12-30
57,Employee_57,56.0,Male,HR,92848.0,Kolhapur,2024-02-21
58,Employee_58,59.0,Female,Finance,32196.0,Kolhapur,2023-09-07
59,Employee_59,53.0, male ,,92140.0,Nagpur,2023-10-05
60,Employee_60,30.0,Female,HR,35670.0,Kolhapur,2024-05-10
61,Employee_61,51.0, male ,HR,33176.0,Nashik,2023-01-15
62,Employee_62,21.0,Male,Sales,103606.0,Aurangabad,2023-10-19
63,Employee_63,21.0,FEMALE,Sales,28564.0,Aurangabad,2024-10-06
64,Employee_64,54.0,Male ,Marketing,35525.0,Aurangabad,2023-08-20
65,Employee_65,46.0,Male ,,97139.0,Pune,2025-02-20
66,Employee_66,31.0,Male,Finance,51439.0,Nagpur,2024-12-06
67,Employee_67,,female,HR,112662.0,Nashik,2025-03-17
68,Employee_68,30.0, male ,HR,35043.0,Pune,2023-03-03
69,Employee_69,54.0,female,Finance,110266.0,Nashik,2024-05-27
70,Employee_70,20.0,Male,HR,116276.0,Kolhapur,2025-05-06
71,Employee_71,55.0, male ,HR,88021.0,Aurangabad,2024-03-22
72,Employee_72,48.0,Female,IT,73523.0,Nagpur,2024-12-11
73,Employee_73,60.0,Male,Finance,53082.0,Aurangabad,2025-04-24
74,Employee_74,47.0,female,Finance,67419.0,Pune,2023-07-28
75,Employee_75,46.0,female,HR,35915.0,Nashik,invalid_date
76,Employee_76,25.0,female,IT,40181.0,Aurangabad,2024-12-23
77,Employee_77,33.0,Male,IT,92255.0,Nagpur,2023-12-15
78,Employee_78,18.0,Female,Finance,96931.0,Aurangabad,2024-05-10
79,Employee_79,42.0,Male ,Finance,62176.0,Mumbai,2025-05-26
80,Employee_80,48.0,FEMALE,Sales,70604.0,Mumbai,2024-05-29
81,Employee_81,39.0,FEMALE,,88937.0,Mumbai,2023-03-18
82,Employee_82,34.0, male ,,89942.0,Kolhapur,2025-02-16
83,Employee_83,52.0,female,Sales,50771.0,Nagpur,2023-04-11
84,Employee_84,24.0, male ,IT,27355.0,Nagpur,2023-05-30
85,Employee_85,44.0,FEMALE,Marketing,42946.0,Mumbai,2023-08-26
86,Employee_86,34.0,Male,Finance,80981.0,Nashik,2024-08-24
87,Employee_87,47.0,Female,Finance,46111.0,Aurangabad,2024-01-03
88,Employee_88,,Male ,,55976.0,Nagpur,2025-05-02
89,Employee_89,32.0,female,,101381.0,Kolhapur,2024-11-28
90,Employee_90,58.0,female,HR,24373.0,Pune,2023-10-30
91,Employee_91,26.0, male ,Finance,89579.0,Nashik,2025-02-03
92,Employee_92,25.0,Male ,IT,108647.0,Pune,2025-03-20
93,Employee_93,47.0,female,IT,54362.0,Pune,2024-11-22
94,Employee_94,53.0,female,IT,28285.0,Kolhapur,2024-02-23
95,Employee_95,37.0,FEMALE,Finance,35220.0,Nashik,2024-11-17
96,Employee_96,27.0, male ,Sales,84139.0,Kolhapur,2024-01-15
97,Employee_97,46.0,Male,Finance,104518.0,Nashik,2023-07-14
98,Employee_98,47.0,Male ,HR,26629.0,Pune,2025-04-29
99,Employee_99,32.0, male ,HR,39340.0,Mumbai,2024-07-07
100,Employee_100,29.0,Male,HR,51186.0,Nashik,2023-02-23
101,Employee_101,22.0,FEMALE,Marketing,78756.0,Mumbai,2024-09-21
102,Employee_102,60.0,female,Sales,72640.0,Nagpur,2024-12-30
103,Employee_103,22.0,FEMALE,Marketing,101830.0,Aurangabad,2023-10-29
104,Employee_104,56.0, male ,Finance,49949.0,Nagpur,2024-03-01
105,Employee_105,60.0,Male,Sales,110023.0,Pune,2023-04-06
106,Employee_106,41.0,female,Sales,93620.0,Nagpur,2023-12-29
107,Employee_107,21.0,Female,,98696.0,Nagpur,2023-08-18
108,Employee_108,40.0,Male ,Marketing,49643.0,Aurangabad,2024-11-22
109,Employee_109,60.0, male ,IT,112104.0,Pune,2023-07-05
110,Employee_110,54.0,female,Marketing,117120.0,Mumbai,2024-01-21
111,Employee_111,37.0,Female,Marketing,94395.0,Pune,2024-11-21
112,Employee_112,49.0, male ,Finance,74287.0,Pune,2023-10-18
113,Employee_113,60.0,Male,HR,25952.0,Nashik,2023-08-05
114,Employee_114,34.0,FEMALE,Marketing,85193.0,Kolhapur,2023-08-24
115,Employee_115,22.0,FEMALE,Sales,117260.0,Nashik,2024-08-12
116,Employee_116,44.0,Male ,Finance,35096.0,Kolhapur,2024-01-06
117,Employee_117,55.0,Female,IT,60668.0,Mumbai,2023-03-20
118,Employee_118,30.0,Female,Sales,66019.0,Mumbai,2023-09-20
119,Employee_119,56.0,FEMALE,Marketing,102306.0,Aurangabad,2024-04-04
120,Employee_120,57.0,FEMALE,Finance,102210.0,Kolhapur,2023-11-07
121,Employee_121,55.0, male ,IT,60685.0,Pune,2024-10-22
122,Employee_122,50.0,FEMALE,Marketing,80648.0,Kolhapur,2023-07-12
123,Employee_123,21.0,Male ,,33566.0,Mumbai,2023-02-10
124,Employee_124,46.0,FEMALE,IT,57079.0,Kolhapur,2024-09-04
125,Employee_125,22.0, male ,,70667.0,Kolhapur,2024-09-09
126,Employee_126,39.0,Female,Marketing,105990.0,Kolhapur,2023-03-28
127,Employee_127,42.0,female,,107833.0,Nagpur,2024-06-04
128,Employee_128,31.0,Male,IT,83736.0,Pune,2024-06-03
129,Employee_129,,Female,HR,101006.0,Kolhapur,2025-02-28
130,Employee_130,20.0,Male ,IT,51133.0,Kolhapur,2025-03-13
131,Employee_131,52.0,FEMALE,IT,94766.0,Nagpur,2024-05-29
132,Employee_132,28.0, male ,Marketing,,Pune,2024-12-29
133,Employee_133,28.0,Male,HR,39313.0,Nagpur,2023-12-24
134,Employee_134,,Female,Sales,30696.0,Nashik,2023-04-12
135,Employee_135,59.0,female,Finance,25020.0,Nagpur,invalid_date
136,Employee_136,23.0,Male,IT,115320.0,Mumbai,2023-11-05
137,Employee_137,57.0,female,Marketing,28232.0,Aurangabad,2023-09-05
138,Employee_138,57.0,Male ,IT,51531.0,Pune,2024-06-22
139,Employee_139,42.0,female,Sales,68929.0,Nashik,2025-03-18
140,Employee_140,33.0,Male,IT,96271.0,Aurangabad,2023-12-13
141,Employee_141,47.0,female,Finance,102802.0,Pune,2023-10-28
142,Employee_142,38.0, male ,Sales,91176.0,Kolhapur,2023-07-15
143,Employee_143,39.0,female,Finance,77272.0,Nagpur,2023-12-14
144,Employee_144,41.0,Male ,HR,30345.0,Aurangabad,2023-10-28
145,Employee_145,36.0,female,Finance,78447.0,Nashik,2024-04-02
146,Employee_146,45.0,female,,103816.0,Nagpur,2024-01-08
147,Employee_147,27.0, male ,Finance,50932.0,Aurangabad,2023-02-03
148,Employee_148,41.0,FEMALE,IT,89397.0,Kolhapur,2023-10-13
149,Employee_149,25.0, male ,IT,85410.0,Kolhapur,2024-04-01
150,Employee_150,57.0,Female,,29706.0,Nagpur,2023-03-31
151,Employee_151,22.0, male ,Marketing,59315.0,Mumbai,2023-05-05
152,Employee_152,26.0,Male ,HR,68353.0,Aurangabad,2023-03-30
153,Employee_153,48.0, male ,,73665.0,Pune,2024-04-05
154,Employee_154,51.0,Male ,HR,36912.0,Nashik,2023-06-18
155,Employee_155,51.0,Female,,103238.0,Nashik,2024-09-21
156,Employee_156,50.0,Male ,Sales,114454.0,Pune,2023-03-25
157,Employee_157,59.0,FEMALE,,94991.0,Aurangabad,2023-10-24
158,Employee_158,43.0,FEMALE,Finance,79446.0,Nagpur,2024-04-20
159,Employee_159,38.0, male ,HR,72260.0,Nagpur,2023-05-06
160,Employee_160,21.0,Female,IT,70351.0,Aurangabad,2025-01-08
161,Employee_161,50.0,Male,Finance,85373.0,Aurangabad,2024-04-13
162,Employee_162,31.0, male ,Marketing,105755.0,Pune,2025-05-17
163,Employee_163,41.0,Male ,Marketing,67964.0,Mumbai,2024-01-07
164,Employee_164,46.0,Male,Finance,101689.0,Nashik,2025-03-24
165,Employee_165,53.0,Male,Sales,98966.0,Mumbai,2024-12-31
166,Employee_166,48.0,FEMALE,Marketing,62987.0,Kolhapur,2025-05-12
167,Employee_167,50.0, male ,IT,112895.0,Kolhapur,2023-04-23
168,Employee_168,55.0,female,Sales,98238.0,Aurangabad,2024-05-06
169,Employee_169,58.0,Female,Sales,109224.0,Nagpur,2023-11-18
170,Employee_170,44.0,Male ,HR,116447.0,Aurangabad,2023-11-29
171,Employee_171,48.0,female,,64869.0,Kolhapur,2024-10-20
172,Employee_172,34.0, male ,,49473.0,Mumbai,2024-12-07
173,Employee_173,53.0,FEMALE,IT,108686.0,Mumbai,2023-10-25
174,Employee_174,46.0,Male ,,46485.0,Nashik,2023-05-21
175,Employee_175,55.0, male ,,33133.0,Nagpur,2023-04-13
176,Employee_176,26.0,female,HR,82350.0,Nashik,2023-11-25
177,Employee_177,21.0,FEMALE,HR,90143.0,Pune,2025-05-06
178,Employee_178,49.0, male ,IT,21214.0,Nagpur,2024-10-18
179,Employee_179,26.0,Female,,34764.0,Nagpur,2024-10-25
180,Employee_180,,Female,Marketing,58669.0,Kolhapur,2024-02-20
181,Employee_181,50.0,Female,Sales,82580.0,Nashik,2024-01-28
182,Employee_182,35.0,Male,,54282.0,Pune,2024-04-21
183,Employee_183,43.0,Male ,HR,58671.0,Mumbai,2023-05-17
184,Employee_184,56.0,Female,,74505.0,Aurangabad,2025-06-13
185,Employee_185,51.0,Male ,Marketing,93946.0,Mumbai,2023-06-18
186,Employee_186,31.0,FEMALE,HR,31919.0,Aurangabad,2024-03-01
187,Employee_187,21.0,Male ,Sales,71897.0,Pune,2024-03-09
188,Employee_188,22.0,Female,HR,,Kolhapur,2025-01-16
189,Employee_189,42.0,female,IT,69479.0,Pune,2023-07-02
190,Employee_190,43.0,FEMALE,,,Kolhapur,2024-07-11
191,Employee_191,33.0,Male,,65371.0,Nagpur,2024-09-21
192,Employee_192,19.0,Female,,97849.0,Pune,2024-02-16
193,Employee_193,52.0,Male ,Marketing,50692.0,Kolhapur,2025-04-18
194,Employee_194,37.0,female,,74206.0,Nagpur,2024-07-23
195,Employee_195,60.0,Female,IT,74568.0,Nagpur,2023-07-08
196,Employee_196,32.0,Male ,Finance,112743.0,Nagpur,2024-07-24
197,Employee_197,31.0,Male,Marketing,78954.0,Kolhapur,2025-04-29
198,Employee_198,35.0,FEMALE,HR,29539.0,Nashik,2023-11-07
199,Employee_199,18.0,female,Marketing,117894.0,Kolhapur,2023-07-29
200,Employee_200,36.0, male ,IT,67088.0,Aurangabad,2024-05-24
201,Employee_201,48.0,female,HR,68589.0,Pune,2023-09-25
202,Employee_202,44.0,Male ,HR,50149.0,Nagpur,2024-07-17
203,Employee_203,49.0,Female,,80401.0,Aurangabad,2024-05-15
204,Employee_204,52.0,Male,Finance,29742.0,Mumbai,2025-05-12
205,Employee_205,22.0,female,Finance,27923.0,Pune,2023-01-07
206,Employee_206,,Female,Sales,22246.0,Pune,2024-06-20
207,Employee_207,34.0,FEMALE,Finance,30357.0,Aurangabad,2023-09-07
208,Employee_208,32.0,Male,,69436.0,Pune,2024-12-20
209,Employee_209,59.0,Female,HR,94167.0,Kolhapur,2024-08-03
210,Employee_210,20.0,Female,Marketing,43508.0,Mumbai,2025-02-09
211,Employee_211,43.0,FEMALE,,71007.0,Mumbai,2025-03-20
212,Employee_212,23.0,Male ,Marketing,29963.0,Aurangabad,2024-02-11
213,Employee_213,,FEMALE,HR,66636.0,Kolhapur,2024-08-22
214,Employee_214,23.0,FEMALE,,113468.0,Kolhapur,2023-06-07
215,Employee_215,38.0,Male,HR,119791.0,Pune,2023-07-11
216,Employee_216,53.0,Male ,Marketing,23442.0,Nashik,2025-06-03
217,Employee_217,36.0,Female,HR,109825.0,Nashik,2023-11-05
218,Employee_218,, male ,IT,56170.0,Mumbai,2025-01-08
219,Employee_219,56.0,Male ,Finance,71864.0,Nashik,2024-03-26
220,Employee_220,26.0,FEMALE,IT,62030.0,Mumbai,2024-02-12
221,Employee_221,58.0, male ,Finance,62714.0,Nashik,2023-04-27
222,Employee_222,30.0,female,HR,23527.0,Nagpur,2025-03-27
223,Employee_223,44.0,female,HR,51722.0,Kolhapur,2024-03-09
224,Employee_224,56.0,Male ,Sales,86402.0,Nashik,2024-12-19
225,Employee_225,52.0,female,Marketing,52536.0,Pune,2024-07-30
226,Employee_226,39.0,Female,Marketing,,Kolhapur,2024-06-15
227,Employee_227,41.0, male ,Sales,80694.0,Nagpur,2023-04-18
228,Employee_228,27.0, male ,Finance,47114.0,Pune,2024-03-24
229,Employee_229,46.0,female,HR,113163.0,Kolhapur,2023-09-07
230,Employee_230,53.0,Female,,80562.0,Kolhapur,2024-03-18
231,Employee_231,46.0,Female,IT,70965.0,Kolhapur,2025-04-08
232,Employee_232,54.0, male ,,67945.0,Nagpur,2024-06-24
233,Employee_233,57.0,Male ,HR,66135.0,Kolhapur,2024-12-23
234,Employee_234,26.0, male ,,35448.0,Mumbai,2024-06-07
235,Employee_235,42.0,Male ,HR,44347.0,Nagpur,2023-10-23
236,Employee_236,38.0,Female,Finance,67059.0,Aurangabad,2024-06-01
237,Employee_237,44.0,Female,IT,84054.0,Pune,2023-10-09
238,Employee_238,47.0, male ,Marketing,92053.0,Nashik,2024-07-09
239,Employee_239,20.0, male ,Sales,75725.0,Nagpur,2023-09-27
240,Employee_240,23.0,female,Marketing,97060.0,Kolhapur,2024-03-14
241,Employee_241,26.0, male ,,94720.0,Nashik,2023-10-24
242,Employee_242,50.0,female,HR,27770.0,Kolhapur,2025-06-05
243,Employee_243,33.0,female,Finance,102890.0,Nagpur,2024-04-07
244,Employee_244,35.0,female,Sales,79597.0,Kolhapur,2024-04-14
245,Employee_245,52.0, male ,IT,47767.0,Nashik,2023-12-12
246,Employee_246,49.0,female,Finance,109463.0,Pune,2023-05-08
247,Employee_247,18.0,Female,IT,37290.0,Pune,2024-11-01
248,Employee_248,23.0,FEMALE,,26787.0,Pune,2024-12-21
249,Employee_249,31.0,female,IT,88084.0,Pune,2025-05-30
250,Employee_250,32.0, male ,IT,31708.0,Nashik,2023-05-21
251,Employee_251,26.0,FEMALE,IT,89534.0,Kolhapur,2023-08-07
252,Employee_252,57.0,Male,Marketing,48474.0,Kolhapur,2024-01-29
253,Employee_253,45.0,female,Sales,52527.0,Kolhapur,2025-06-15
254,Employee_254,30.0,FEMALE,Sales,51370.0,Mumbai,2024-05-26
255,Employee_255,18.0, male ,Marketing,94498.0,Kolhapur,2023-06-26
256,Employee_256,22.0,FEMALE,Marketing,21807.0,Nashik,2024-10-05
257,Employee_257,44.0, male ,Sales,103956.0,Nashik,2023-03-22
258,Employee_258,27.0, male ,,71213.0,Nagpur,2025-01-17
259,Employee_259,33.0, male ,,76948.0,Kolhapur,2024-11-04
260,Employee_260,25.0, male ,Marketing,,Aurangabad,2025-03-12
261,Employee_261,26.0,FEMALE,IT,23847.0,Aurangabad,2023-03-07
262,Employee_262,49.0, male ,HR,86949.0,Nashik,2025-03-02
263,Employee_263,54.0,Female,Sales,117095.0,Nagpur,2024-01-08
264,Employee_264,20.0, male ,Sales,74559.0,Aurangabad,2024-01-17
265,Employee_265,21.0, male ,IT,,Nashik,2023-03-30
266,Employee_266,36.0,Male ,Finance,80807.0,Mumbai,2025-01-20
267,Employee_267,33.0, male ,Sales,50539.0,Kolhapur,2024-01-21
268,Employee_268,37.0,female,IT,75026.0,Pune,2023-02-14
269,Employee_269,41.0,female,Finance,118028.0,Pune,2024-08-29
270,Employee_270,45.0,female,,61288.0,Nashik,2023-11-22
271,Employee_271,32.0,Female,Sales,37840.0,Mumbai,2024-04-05
272,Employee_272,44.0,Male,HR,79233.0,Kolhapur,2023-11-08
273,Employee_273,,FEMALE,Marketing,52534.0,Pune,2024-11-24
274,Employee_274,,Male,Finance,79270.0,Pune,2025-04-03
275,Employee_275,25.0,female,,72505.0,Kolhapur,2023-03-28
276,Employee_276,34.0,Female,Sales,104670.0,Nashik,2023-05-06
277,Employee_277,,female,Finance,23864.0,Mumbai,2023-12-29
278,Employee_278,29.0,female,IT,24541.0,Nagpur,2024-02-26
279,Employee_279,,female,Marketing,70202.0,Pune,2024-01-27
280,Employee_280,49.0,Female,Sales,70905.0,Nashik,2024-09-03
281,Employee_281,,Female,Sales,89393.0,Mumbai,2024-11-03
282,Employee_282,52.0,Female,HR,70911.0,Mumbai,2024-08-29
283,Employee_283,19.0,FEMALE,Marketing,94403.0,Nashik,2023-06-29
284,Employee_284,23.0,Male ,HR,20089.0,Mumbai,2023-12-15
285,Employee_285,38.0,Male ,IT,96888.0,Pune,2024-01-18
286,Employee_286,24.0,female,Finance,40644.0,Kolhapur,2023-11-21
287,Employee_287,57.0, male ,,42983.0,Kolhapur,2023-10-29
288,Employee_288,54.0,Male ,HR,,Kolhapur,2024-08-02
289,Employee_289,49.0,female,,65457.0,Kolhapur,2025-01-16
290,Employee_290,46.0,Male,,65938.0,Pune,2023-02-19
291,Employee_291,44.0,FEMALE,Marketing,69638.0,Kolhapur,2025-02-15
292,Employee_292,20.0, male ,HR,22631.0,Nagpur,2023-06-14
293,Employee_293,23.0,FEMALE,,97860.0,Mumbai,2024-09-13
294,Employee_294,,female,IT,73645.0,Nashik,2023-09-01
295,Employee_295,43.0, male ,,27144.0,Kolhapur,2024-09-06
296,Employee_296,24.0,Male,IT,30739.0,Nagpur,2024-04-27
297,Employee_297,59.0,Female,Finance,69996.0,Pune,2023-09-27
298,Employee_298,34.0,Male,,39808.0,Nashik,2025-04-07
299,Employee_299,21.0,Male ,HR,90190.0,Nagpur,2023-11-03
300,Employee_300,20.0,Female,HR,35765.0,Mumbai,2023-05-10
301,Employee_301,23.0, male ,,97994.0,Pune,2023-03-31
302,Employee_302,35.0,Male,Finance,101665.0,Mumbai,2023-06-01
303,Employee_303,55.0,FEMALE,IT,57498.0,Nagpur,2024-11-01
304,Employee_304,29.0,Male,Finance,99777.0,Nashik,2024-12-08
305,Employee_305,48.0, male ,Finance,59722.0,Kolhapur,2024-12-02
306,Employee_306,46.0,Female,Finance,55313.0,Mumbai,2025-04-23
307,Employee_307,49.0,female,Marketing,28600.0,Nagpur,2023-05-19
308,Employee_308,51.0,Female,Sales,45265.0,Nagpur,2023-02-21
309,Employee_309,47.0,Female,IT,103284.0,Nagpur,2024-08-31
310,Employee_310,40.0, male ,Sales,41432.0,Nagpur,2023-02-20
311,Employee_311,54.0,female,Finance,47096.0,Aurangabad,2023-01-21
312,Employee_312,18.0,Male ,IT,49329.0,Kolhapur,2024-12-27
313,Employee_313,40.0,Male ,Sales,59602.0,Pune,2024-06-07
314,Employee_314,56.0, male ,IT,59121.0,Kolhapur,2023-11-29
315,Employee_315,59.0,Male ,Finance,44688.0,Kolhapur,2023-11-24
316,Employee_316,36.0,Male ,,74862.0,Aurangabad,2025-04-15
317,Employee_317,58.0,female,Marketing,108063.0,Mumbai,2023-10-28
318,Employee_318,26.0,Female,IT,109091.0,Mumbai,2025-02-01
319,Employee_319,39.0,FEMALE,Sales,54152.0,Kolhapur,2024-08-20
320,Employee_320,57.0,Male ,IT,109220.0,Nagpur,2023-02-25
321,Employee_321,30.0, male ,,73633.0,Mumbai,2025-03-08
322,Employee_322,29.0, male ,HR,,Mumbai,2024-08-13
323,Employee_323,49.0,FEMALE,Finance,76283.0,Nagpur,2023-01-05
324,Employee_324,18.0,female,Sales,119201.0,Kolhapur,2025-01-21
325,Employee_325,24.0,Male,IT,85973.0,Nashik,2024-04-11
326,Employee_326,56.0,Female,HR,84248.0,Nagpur,2023-01-20
327,Employee_327,26.0,FEMALE,,36143.0,Nashik,2025-02-28
328,Employee_328,21.0,FEMALE,Finance,105664.0,Nagpur,2023-05-07
329,Employee_329,48.0,Male ,Marketing,33235.0,Kolhapur,2023-05-21
330,Employee_330,24.0,Female,Marketing,33928.0,Mumbai,2025-03-07
331,Employee_331,40.0,Female,,91845.0,Nagpur,2023-12-05
332,Employee_332,25.0,female,,39548.0,Pune,2023-09-20
333,Employee_333,36.0,Male,IT,80853.0,Nashik,2025-03-31
334,Employee_334,45.0, male ,IT,21267.0,Nagpur,2024-09-28
335,Employee_335,23.0,FEMALE,,79839.0,Nagpur,2025-03-30
336,Employee_336,28.0,Male ,,97430.0,Nagpur,2023-07-05
337,Employee_337,26.0,Male,Sales,73907.0,Nashik,2024-11-01
338,Employee_338,51.0,FEMALE,,107797.0,Kolhapur,2023-09-12
339,Employee_339,60.0,Male,,93183.0,Mumbai,2024-06-01
340,Employee_340,22.0,Male ,HR,62026.0,Aurangabad,2024-10-20
341,Employee_341,, male ,Sales,85333.0,Nagpur,2025-02-02
342,Employee_342,24.0,Male ,Marketing,101142.0,Mumbai,2024-11-01
343,Employee_343,39.0,female,,101232.0,Nashik,2025-01-03
344,Employee_344,24.0,Male ,Marketing,103055.0,Nashik,2024-12-19
345,Employee_345,28.0,FEMALE,HR,53330.0,Nagpur,2025-04-24
346,Employee_346,39.0,FEMALE,Finance,103000.0,Kolhapur,2024-08-26
347,Employee_347,26.0,Male ,HR,96692.0,Kolhapur,2024-08-15
348,Employee_348,60.0, male ,Finance,86074.0,Nashik,2023-10-29
349,Employee_349,56.0,Female,HR,111946.0,Aurangabad,2025-01-01
350,Employee_350,40.0,female,Sales,103476.0,Nashik,2024-07-29
351,Employee_351,44.0,Male,Finance,75363.0,Mumbai,2023-02-24
352,Employee_352,28.0,Female,Marketing,28130.0,Pune,2024-01-03
353,Employee_353,24.0,Male ,,117309.0,Nashik,2024-12-10
354,Employee_354,42.0,Female,,46619.0,Kolhapur,2024-12-27
355,Employee_355,55.0,Female,,58558.0,Pune,2023-07-11
356,Employee_356,20.0,Male ,IT,56583.0,Pune,2023-12-05
357,Employee_357,,FEMALE,Marketing,,Aurangabad,2024-01-02
358,Employee_358,38.0,Male,IT,91182.0,Mumbai,2023-08-07
359,Employee_359,31.0,Male,,93575.0,Nashik,2024-04-01
360,Employee_360,59.0,Male,Finance,62065.0,Nashik,2024-07-07
361,Employee_361,41.0, male ,Marketing,83806.0,Pune,2023-04-09
362,Employee_362,52.0,Male,HR,47941.0,Aurangabad,2025-04-28
363,Employee_363,45.0,Male,Sales,23113.0,Pune,2023-07-02
364,Employee_364,53.0,FEMALE,IT,79129.0,Pune,2024-02-03
365,Employee_365,52.0, male ,Marketing,119085.0,Pune,2023-10-24
366,Employee_366,36.0,FEMALE,HR,69992.0,Aurangabad,2023-08-14
367,Employee_367,52.0,Male,Marketing,108773.0,Aurangabad,2023-05-25
368,Employee_368,18.0,Female,Finance,117180.0,Kolhapur,2025-05-21
369,Employee_369,57.0,Male ,Finance,45470.0,Kolhapur,2024-07-16
370,Employee_370,60.0, male ,HR,83857.0,Kolhapur,2024-11-02
371,Employee_371,30.0,female,Marketing,100785.0,Mumbai,2024-08-02
372,Employee_372,38.0, male ,IT,49035.0,Mumbai,2024-11-26
373,Employee_373,40.0, male ,HR,83828.0,Aurangabad,2023-07-21
374,Employee_374,58.0,Male ,Marketing,22441.0,Nagpur,2025-02-26
375,Employee_375,52.0,Female,Marketing,67948.0,Kolhapur,2025-05-27
376,Employee_376,23.0,Male ,,67692.0,Mumbai,2025-02-14
377,Employee_377,46.0,Female,Finance,116458.0,Mumbai,2023-03-06
378,Employee_378,32.0,FEMALE,Finance,67349.0,Pune,2023-02-10
379,Employee_379,51.0,FEMALE,,117243.0,Nagpur,2024-01-10
380,Employee_380,22.0,FEMALE,Marketing,65224.0,Pune,2024-05-28
381,Employee_381,22.0,Male ,,40625.0,Pune,2024-11-07
382,Employee_382,48.0,Male,HR,41134.0,Pune,2023-05-11
383,Employee_383,28.0,Female,Marketing,41802.0,Nagpur,2024-09-05
384,Employee_384,,FEMALE,HR,99498.0,Mumbai,2025-04-30
385,Employee_385,29.0,Male ,Marketing,64914.0,Pune,2023-08-24
386,Employee_386,30.0,Male ,Marketing,43255.0,Pune,2025-06-17
387,Employee_387,23.0,female,,106427.0,Nagpur,2024-06-18
388,Employee_388,20.0,Male ,,69969.0,Kolhapur,2024-08-12
389,Employee_389,26.0, male ,HR,91267.0,Pune,2024-12-27
390,Employee_390,18.0,FEMALE,IT,110146.0,Pune,2023-06-08
391,Employee_391,52.0,Female,Finance,56118.0,Aurangabad,2025-03-13
392,Employee_392,53.0,female,Finance,95713.0,Kolhapur,2023-05-22
393,Employee_393,32.0,Male ,Finance,111660.0,Nashik,2025-03-31
394,Employee_394,21.0,Male,Sales,81822.0,Nashik,2023-08-16
395,Employee_395,,female,Marketing,88289.0,Pune,2025-03-03
396,Employee_396,58.0,Female,Sales,87915.0,Aurangabad,2024-06-06
397,Employee_397,20.0, male ,Finance,51359.0,Nashik,2024-11-16
398,Employee_398,55.0, male ,IT,115176.0,Mumbai,2024-09-12
399,Employee_399,47.0,Male ,Sales,54223.0,Aurangabad,2023-10-29
400,Employee_400,34.0,Female,IT,69424.0,Nagpur,2024-11-28
401,Employee_401,55.0,female,,53792.0,Mumbai,2025-03-30
402,Employee_402,18.0,Male,Marketing,72288.0,Mumbai,2024-05-02
403,Employee_403,31.0,female,HR,44925.0,Mumbai,2025-01-23
404,Employee_404,34.0,Male,,101080.0,Kolhapur,2024-05-19
405,Employee_405,48.0,FEMALE,HR,95303.0,Aurangabad,2023-10-14
406,Employee_406,51.0,FEMALE,,24268.0,Mumbai,2024-04-13
407,Employee_407,51.0, male ,IT,108356.0,Aurangabad,2025-06-01
408,Employee_408,35.0,FEMALE,HR,44105.0,Nagpur,2024-12-18
409,Employee_409,35.0,Male,,43578.0,Nashik,2025-04-03
410,Employee_410,45.0,FEMALE,Finance,116802.0,Mumbai,2025-05-19
411,Employee_411,49.0,FEMALE,Sales,52895.0,Kolhapur,2023-06-17
412,Employee_412,34.0, male ,Marketing,54048.0,Aurangabad,2025-04-09
413,Employee_413,19.0, male ,IT,95609.0,Nashik,2024-11-20
414,Employee_414,42.0,female,IT,80784.0,Nagpur,2024-10-08
415,Employee_415,43.0,female,IT,61088.0,Kolhapur,2023-10-01
416,Employee_416,46.0,Female,HR,79020.0,Pune,2023-05-09
417,Employee_417,60.0,FEMALE,Marketing,41877.0,Pune,2023-01-27
418,Employee_418,51.0, male ,HR,31050.0,Mumbai,2025-01-25
419,Employee_419,58.0, male ,Finance,,Nagpur,2025-06-10
420,Employee_420,35.0,Male ,,102712.0,Kolhapur,2024-06-30
421,Employee_421,40.0,Female,IT,74028.0,Pune,2023-01-01
422,Employee_422,26.0, male ,Sales,119021.0,Nagpur,2025-03-28
423,Employee_423,53.0,FEMALE,HR,93472.0,Mumbai,2025-01-02
424,Employee_424,32.0, male ,,51399.0,Kolhapur,2024-06-28
425,Employee_425,44.0,Male ,Finance,103478.0,Nashik,2024-12-18
426,Employee_426,30.0, male ,IT,90119.0,Mumbai,2025-01-02
427,Employee_427,18.0,FEMALE,IT,75082.0,Nagpur,2024-12-14
428,Employee_428,39.0,Female,HR,29356.0,Nashik,2025-04-16
429,Employee_429,33.0,FEMALE,,78059.0,Pune,2024-06-17
430,Employee_430,37.0, male ,Finance,40789.0,Kolhapur,2023-11-02
431,Employee_431,21.0,Female,IT,50928.0,Aurangabad,2023-05-03
432,Employee_432,33.0, male ,Sales,96162.0,Mumbai,2023-06-11
433,Employee_433,57.0,Female,Finance,27834.0,Mumbai,2023-11-21
434,Employee_434,59.0, male ,Sales,22798.0,Nagpur,2024-12-24
435,Employee_435,36.0,female,Finance,65569.0,Nashik,2025-06-07
436,Employee_436,53.0,FEMALE,Sales,54517.0,Kolhapur,2024-06-02
437,Employee_437,57.0,female,Marketing,101290.0,Nagpur,2023-07-14
438,Employee_438,27.0,Male,Marketing,62283.0,Kolhapur,2023-03-10
439,Employee_439,26.0,Male ,,34031.0,Nagpur,2024-11-04
440,Employee_440,57.0,Male,HR,68018.0,Kolhapur,2024-05-18
441,Employee_441,23.0,female,Sales,74519.0,Aurangabad,2023-09-30
442,Employee_442,22.0,Male ,Finance,88089.0,Mumbai,2023-07-17
443,Employee_443,29.0,female,Finance,103705.0,Kolhapur,2024-11-12
444,Employee_444,29.0, male ,IT,40732.0,Aurangabad,2023-11-29
445,Employee_445,45.0,FEMALE,Marketing,99745.0,Kolhapur,2023-09-18
446,Employee_446,46.0,Male ,Sales,,Aurangabad,2023-05-19
447,Employee_447,37.0,Male ,Marketing,22844.0,Aurangabad,2024-08-07
448,Employee_448,47.0,Female,IT,40461.0,Nashik,2023-04-05
449,Employee_449,22.0,Male ,,83246.0,Nashik,2023-02-08
450,Employee_450,21.0,Male,HR,76925.0,Kolhapur,2024-10-30
451,Employee_451,58.0,Male ,Marketing,25397.0,Mumbai,2023-12-01
452,Employee_452,43.0,Female,Finance,118676.0,Nashik,2025-03-16
453,Employee_453,26.0,Male ,Finance,31151.0,Kolhapur,2023-05-14
454,Employee_454,49.0,Female,Sales,105491.0,Nashik,2025-03-06
455,Employee_455,60.0, male ,Marketing,44967.0,Kolhapur,2023-01-25
456,Employee_456,57.0,Female,,101681.0,Nashik,2023-06-09
457,Employee_457,23.0, male ,,101396.0,Pune,2023-11-09
458,Employee_458,19.0,Male ,Finance,118350.0,Aurangabad,2025-01-17
459,Employee_459,60.0,female,Marketing,53483.0,Nashik,2023-02-24
460,Employee_460,,Male,Sales,106520.0,Nashik,2025-06-07
461,Employee_461,42.0,Female,HR,61347.0,Aurangabad,2024-04-13
462,Employee_462,,Male,IT,63721.0,Kolhapur,2023-12-27
463,Employee_463,50.0,Male ,IT,28127.0,Mumbai,2023-06-05
464,Employee_464,23.0,FEMALE,HR,88251.0,Aurangabad,2023-06-06
465,Employee_465,39.0,Male ,Marketing,91071.0,Kolhapur,2025-03-30
466,Employee_466,26.0, male ,Sales,76369.0,Aurangabad,2024-06-29
467,Employee_467,25.0, male ,Finance,74269.0,Kolhapur,2025-04-21
468,Employee_468,35.0,Male ,Marketing,119935.0,Aurangabad,2023-08-25
469,Employee_469,32.0,female,,37575.0,Nashik,2023-07-08
470,Employee_470,49.0, male ,Finance,49658.0,Mumbai,2025-01-30
471,Employee_471,30.0,FEMALE,HR,84217.0,Nagpur,2024-02-19
472,Employee_472,42.0,Male ,Sales,71662.0,Nagpur,2024-04-12
473,Employee_473,33.0,Male ,,,Pune,2023-07-14
474,Employee_474,36.0,female,Marketing,41821.0,Mumbai,2024-04-19
475,Employee_475,46.0,FEMALE,Finance,43562.0,Nashik,invalid_date
476,Employee_476,30.0,female,,31820.0,Pune,2023-04-04
477,Employee_477,23.0,FEMALE,Marketing,115272.0,Nagpur,2023-02-14
478,Employee_478,39.0,FEMALE,IT,41249.0,Nashik,2025-01-17
479,Employee_479,46.0,Male,Finance,20463.0,Nagpur,2025-05-25
480,Employee_480,18.0,FEMALE,Finance,82352.0,Pune,2024-09-07
481,Employee_481,33.0,Male,HR,27217.0,Pune,2024-11-14
482,Employee_482,56.0,female,IT,34272.0,Aurangabad,2024-11-07
483,Employee_483,56.0,Male,IT,79682.0,Nashik,2024-01-13
484,Employee_484,22.0, male ,Marketing,35993.0,Nagpur,2024-06-21
485,Employee_485,31.0,FEMALE,Marketing,99269.0,Nashik,2023-09-23
486,Employee_486,26.0,Female,Marketing,85239.0,Mumbai,2024-12-26
487,Employee_487,30.0,Male ,Finance,80933.0,Nagpur,2023-02-16
488,Employee_488,53.0,Male,IT,56913.0,Nashik,2024-06-02
489,Employee_489,39.0,Female,HR,71910.0,Nashik,2025-05-03
490,Employee_490,48.0,FEMALE,Finance,80374.0,Kolhapur,2023-02-27
491,Employee_491,37.0,Male,HR,63479.0,Nashik,2025-05-10
492,Employee_492,28.0,female,IT,118505.0,Kolhapur,2023-02-02
493,Employee_493,33.0,Male ,IT,79232.0,Mumbai,2023-04-25
494,Employee_494,23.0,Male ,HR,,Mumbai,2023-12-15
495,Employee_495,51.0,Female,,32878.0,Pune,2024-04-15
496,Employee_496,51.0,FEMALE,Sales,31413.0,Pune,2024-06-17
497,Employee_497,,Female,IT,103735.0,Nashik,2024-06-29
498,Employee_498,46.0,Female,Marketing,40643.0,Nashik,2024-07-16
499,Employee_499,27.0,Male ,Finance,100381.0,Pune,invalid_date
500,Employee_500,21.0,Male ,IT,112363.0,Nashik,2023-12-07
501,Employee_501,23.0,Male,Finance,111566.0,Nashik,2024-12-01
502,Employee_502,47.0,Female,,67638.0,Kolhapur,2023-12-05
503,Employee_503,38.0,Female,IT,82737.0,Nashik,2024-09-10
504,Employee_504,24.0,FEMALE,Marketing,59599.0,Nagpur,2023-09-02
505,Employee_505,48.0,FEMALE,Marketing,110971.0,Nashik,2024-07-11
506,Employee_506,22.0,Male ,Sales,80674.0,Nagpur,2023-06-30
507,Employee_507,43.0,FEMALE,,69664.0,Kolhapur,2023-03-04
508,Employee_508,26.0,Male ,IT,39558.0,Nagpur,2024-09-22
509,Employee_509,38.0,FEMALE,,109071.0,Nashik,2023-04-02
510,Employee_510,57.0,Male,,58559.0,Aurangabad,2025-04-20
511,Employee_511,25.0,female,Finance,71677.0,Nagpur,2024-01-26
512,Employee_512,31.0,Female,IT,67223.0,Kolhapur,2023-05-09
513,Employee_513,27.0,Female,,106235.0,Nagpur,2025-05-30
514,Employee_514,56.0,FEMALE,IT,92358.0,Mumbai,2023-07-10
515,Employee_515,33.0,Male,Sales,95543.0,Aurangabad,2024-05-09
516,Employee_516,25.0,FEMALE,Marketing,118380.0,Pune,2024-06-19
517,Employee_517,23.0,Male ,Sales,95973.0,Nashik,2024-07-01
518,Employee_518,48.0,Female,Sales,58616.0,Kolhapur,2024-09-03
519,Employee_519,58.0,female,Marketing,26765.0,Pune,2023-10-21
520,Employee_520,35.0,Male,,56073.0,Pune,2024-09-10
521,Employee_521,60.0,FEMALE,HR,68466.0,Aurangabad,2025-06-01
522,Employee_522,23.0,Female,,74125.0,Nagpur,2025-01-13
523,Employee_523,31.0,Female,Finance,104182.0,Nagpur,2024-05-02
524,Employee_524,42.0, male ,Finance,54422.0,Nagpur,2024-11-25
525,Employee_525,51.0, male ,IT,76595.0,Nashik,2025-04-01
526,Employee_526,59.0,female,,45549.0,Mumbai,2023-11-17
527,Employee_527,18.0, male ,HR,109849.0,Kolhapur,2023-10-18
528,Employee_528,20.0,Male ,,27455.0,Pune,2024-12-26
529,Employee_529,26.0,Male,,106034.0,Mumbai,2023-09-17
530,Employee_530,58.0, male ,HR,110730.0,Pune,2023-10-11
531,Employee_531,21.0,Female,Marketing,29096.0,Nagpur,2023-07-02
532,Employee_532,24.0,Male,Sales,77878.0,Pune,2023-03-14
533,Employee_533,19.0,female,Finance,39510.0,Nashik,2023-06-05
534,Employee_534,50.0,Male ,HR,82670.0,Pune,2024-01-29
535,Employee_535,52.0,female,,63704.0,Pune,2024-01-10
536,Employee_536,47.0,FEMALE,,104907.0,Mumbai,2023-11-03
537,Employee_537,40.0,Female,Sales,31123.0,Mumbai,2023-01-26
538,Employee_538,55.0,Male,Sales,85494.0,Nashik,2023-02-27
539,Employee_539,31.0,female,Marketing,108877.0,Mumbai,2023-03-15
540,Employee_540,19.0,Male,HR,101051.0,Kolhapur,2023-02-21
541,Employee_541,24.0,Male,HR,33937.0,Nagpur,2023-12-12
542,Employee_542,43.0,Male ,HR,62151.0,Nashik,2023-03-06
543,Employee_543,28.0,Female,Sales,92536.0,Kolhapur,2024-09-19
544,Employee_544,,Male,,30580.0,Kolhapur,2024-08-30
545,Employee_545,44.0,FEMALE,HR,55513.0,Mumbai,2024-09-17
546,Employee_546,56.0,FEMALE,Sales,59478.0,Aurangabad,2023-08-30
547,Employee_547,57.0,FEMALE,,119762.0,Kolhapur,2023-08-02
548,Employee_548,27.0,Male,,85210.0,Nashik,2023-10-19
549,Employee_549,34.0,Female,Sales,33686.0,Nagpur,2024-06-11
550,Employee_550,55.0,Female,Sales,108716.0,Nashik,2023-08-22
551,Employee_551,44.0,FEMALE,HR,29637.0,Mumbai,2024-09-16
552,Employee_552,42.0, male ,HR,102840.0,Pune,2024-12-09
553,Employee_553,47.0, male ,Marketing,74817.0,Mumbai,2025-03-19
554,Employee_554,57.0,Female,Marketing,88389.0,Nagpur,2025-05-07
555,Employee_555,18.0,Male ,Sales,62899.0,Nagpur,2023-02-15
556,Employee_556,48.0,FEMALE,Finance,75797.0,Mumbai,2023-03-27
557,Employee_557,18.0,Male,Finance,37394.0,Kolhapur,2023-11-09
558,Employee_558,47.0,Female,IT,38169.0,Kolhapur,2024-04-20
559,Employee_559,22.0,FEMALE,IT,24287.0,Kolhapur,2024-09-19
560,Employee_560,23.0,Male,Sales,87467.0,Nagpur,2024-01-10
561,Employee_561,20.0, male ,HR,93499.0,Aurangabad,2023-04-27
562,Employee_562,55.0, male ,Sales,55043.0,Pune,2024-01-17
563,Employee_563,25.0,FEMALE,Marketing,89842.0,Nashik,2025-03-30
564,Employee_564,22.0,Male,Sales,43437.0,Mumbai,2023-10-10
565,Employee_565,27.0,FEMALE,IT,58426.0,Nagpur,2024-03-30
566,Employee_566,19.0,FEMALE,Marketing,88107.0,Nashik,2024-11-02
567,Employee_567,60.0,Female,IT,37295.0,Mumbai,2024-05-10
568,Employee_568,36.0,female,Marketing,66284.0,Nashik,2023-07-06
569,Employee_569,60.0,Male ,HR,,Nagpur,2023-09-24
570,Employee_570,20.0,Male ,IT,65068.0,Pune,2023-01-26
571,Employee_571,47.0,female,,,Nashik,2024-04-30
572,Employee_572,54.0,Male,HR,115897.0,Kolhapur,2024-07-18
573,Employee_573,32.0,Male ,Marketing,66844.0,Mumbai,2025-03-11
574,Employee_574,23.0,Female,Finance,31452.0,Nashik,2024-09-09
575,Employee_575,41.0,FEMALE,IT,76051.0,Pune,2023-10-19
576,Employee_576,37.0,FEMALE,IT,78224.0,Mumbai,2025-04-05
577,Employee_577,45.0, male ,Finance,96962.0,Aurangabad,2023-12-10
578,Employee_578,55.0,Female,Marketing,55825.0,Nagpur,2024-12-28
579,Employee_579,42.0,FEMALE,Marketing,59582.0,Kolhapur,2024-04-19
580,Employee_580,37.0,Female,Finance,57707.0,Kolhapur,2024-10-22
581,Employee_581,25.0,Male ,Finance,96161.0,Nashik,2024-10-05
582,Employee_582,25.0, male ,Finance,54018.0,Kolhapur,2023-05-19
583,Employee_583,44.0,Male ,HR,26385.0,Kolhapur,2023-07-07
584,Employee_584,52.0, male ,,109780.0,Kolhapur,2024-12-05
585,Employee_585,52.0,FEMALE,IT,68891.0,Mumbai,2023-04-15
586,Employee_586,50.0,Female,Sales,74702.0,Nagpur,2023-12-23
587,Employee_587,46.0,Female,HR,42571.0,Kolhapur,2023-05-26
588,Employee_588,37.0,Male,Finance,75680.0,Nagpur,2023-02-13
589,Employee_589,20.0,Male,IT,81483.0,Kolhapur,2023-01-11
590,Employee_590,25.0,Female,,44219.0,Nashik,2024-08-16
591,Employee_591,28.0,Male ,HR,86179.0,Kolhapur,2023-07-16
592,Employee_592,28.0, male ,,48051.0,Aurangabad,2023-07-09
593,Employee_593,40.0,Male,IT,49825.0,Pune,2024-04-22
594,Employee_594,41.0,FEMALE,Sales,30780.0,Nagpur,2023-10-18
595,Employee_595,37.0,Male,Finance,92602.0,Kolhapur,2024-01-12
596,Employee_596,43.0,Female,Finance,88506.0,Nagpur,2024-12-12
597,Employee_597,24.0,Male ,Finance,67672.0,Pune,2023-08-27
598,Employee_598,55.0, male ,Finance,104388.0,Kolhapur,2024-09-09
599,Employee_599,27.0,Female,,84138.0,Mumbai,2023-01-31
600,Employee_600,21.0,Female,IT,109024.0,Aurangabad,2024-09-30
601,Employee_601,51.0,FEMALE,Marketing,106781.0,Nashik,2024-07-09
602,Employee_602,20.0,FEMALE,Finance,61229.0,Pune,2023-02-03
603,Employee_603,60.0,FEMALE,Sales,60954.0,Aurangabad,2024-11-22
604,Employee_604,54.0,FEMALE,IT,82378.0,Nagpur,2024-08-28
605,Employee_605,36.0,Female,IT,28050.0,Nashik,2025-04-08
606,Employee_606,58.0,FEMALE,IT,65238.0,Pune,2024-11-08
607,Employee_607,33.0,Male,IT,,Mumbai,2023-01-21
608,Employee_608,45.0,Male ,Sales,,Nashik,2024-01-22
609,Employee_609,38.0,Male ,,64035.0,Nashik,2023-06-20
610,Employee_610,30.0, male ,IT,103288.0,Pune,2023-11-01
611,Employee_611,43.0, male ,Sales,32416.0,Aurangabad,2025-03-31
612,Employee_612,22.0,Female,Finance,76742.0,Nagpur,2023-09-15
613,Employee_613,47.0,Male ,Finance,22438.0,Mumbai,2024-11-07
614,Employee_614,58.0, male ,Finance,94202.0,Mumbai,2023-09-04
615,Employee_615,44.0, male ,,74059.0,Mumbai,2023-09-20
616,Employee_616,33.0,FEMALE,Finance,,Aurangabad,2024-03-22
617,Employee_617,20.0,female,Sales,23819.0,Kolhapur,2024-05-12
618,Employee_618,23.0, male ,,28333.0,Kolhapur,2023-04-03
619,Employee_619,26.0,FEMALE,Sales,96076.0,Mumbai,2024-09-06
620,Employee_620,55.0,Female,Sales,118090.0,Mumbai,2023-08-08
621,Employee_621,46.0, male ,Marketing,84272.0,Nagpur,2024-05-01
622,Employee_622,27.0,female,Marketing,82288.0,Pune,2025-05-11
623,Employee_623,21.0,female,Sales,60536.0,Aurangabad,2025-06-06
624,Employee_624,43.0, male ,HR,59438.0,Mumbai,2024-03-25
625,Employee_625,20.0,female,Finance,84447.0,Nashik,2025-01-04
626,Employee_626,24.0,FEMALE,,115581.0,Pune,2025-02-19
627,Employee_627,59.0, male ,Marketing,102352.0,Pune,2023-04-24
628,Employee_628,51.0,FEMALE,,61864.0,Mumbai,2023-09-24
629,Employee_629,55.0,FEMALE,Marketing,43840.0,Mumbai,2023-01-22
630,Employee_630,53.0,female,HR,45987.0,Pune,2024-02-15
631,Employee_631,23.0,female,Marketing,42298.0,Nagpur,2025-03-02
632,Employee_632,47.0, male ,,44975.0,Nagpur,2024-01-27
633,Employee_633,31.0, male ,IT,74831.0,Mumbai,2024-09-24
634,Employee_634,59.0, male ,,31237.0,Nagpur,2024-12-04
635,Employee_635,56.0, male ,HR,29575.0,Nagpur,2023-12-29
636,Employee_636,60.0, male ,Finance,101219.0,Kolhapur,2024-01-15
637,Employee_637,53.0,FEMALE,HR,84597.0,Pune,2023-11-21
638,Employee_638,25.0,female,IT,85432.0,Nagpur,2023-10-17
639,Employee_639,34.0,Female,Marketing,61358.0,Kolhapur,2024-10-13
640,Employee_640,21.0,Female,,,Nagpur,2024-03-22
641,Employee_641,,Male,,79999.0,Mumbai,2023-05-07
642,Employee_642,31.0,Male ,Sales,118295.0,Aurangabad,2025-02-24
643,Employee_643,33.0, male ,,108723.0,Kolhapur,2023-05-05
644,Employee_644,24.0,female,,,Nagpur,2024-04-09
645,Employee_645,18.0,female,,79388.0,Aurangabad,2023-05-13
646,Employee_646,36.0,Male,Finance,91716.0,Nashik,2023-07-02
647,Employee_647,43.0,Male,IT,70921.0,Nagpur,2025-03-31
648,Employee_648,37.0,FEMALE,Finance,67060.0,Nagpur,2024-05-02
649,Employee_649,45.0,Male,Sales,102665.0,Aurangabad,2023-12-16
650,Employee_650,27.0, male ,Finance,89111.0,Nagpur,2023-03-23
651,Employee_651,26.0,Male ,Sales,52591.0,Pune,2024-06-09
652,Employee_652,47.0,Male,,66590.0,Kolhapur,2024-04-18
653,Employee_653,29.0,Male ,,59013.0,Nagpur,2025-02-14
654,Employee_654,57.0,female,Sales,117914.0,Nagpur,invalid_date
655,Employee_655,28.0, male ,Marketing,106208.0,Aurangabad,2024-01-05
656,Employee_656,43.0,Male,,37709.0,Mumbai,invalid_date
657,Employee_657,48.0,Male,IT,77119.0,Nagpur,2023-06-01
658,Employee_658,27.0,Female,IT,83576.0,Aurangabad,2025-04-29
659,Employee_659,24.0,Male,Finance,116610.0,Nagpur,2024-05-12
660,Employee_660,57.0,FEMALE,Marketing,113623.0,Nashik,2024-07-20
661,Employee_661,59.0,FEMALE,,104696.0,Nagpur,2023-01-22
662,Employee_662,30.0,Male ,,109780.0,Kolhapur,2024-04-24
663,Employee_663,42.0,Female,Marketing,67219.0,Mumbai,2023-10-17
664,Employee_664,23.0,FEMALE,Finance,46146.0,Nashik,2023-08-29
665,Employee_665,40.0,Male,IT,66798.0,Nagpur,2023-04-27
666,Employee_666,49.0,Female,,26117.0,Aurangabad,2024-09-10
667,Employee_667,46.0,Male ,Sales,119059.0,Aurangabad,2023-04-18
668,Employee_668,25.0,female,Sales,77870.0,Mumbai,2024-10-24
669,Employee_669,30.0,FEMALE,IT,74493.0,Nashik,2024-06-01
670,Employee_670,44.0,Female,HR,39871.0,Nagpur,2024-02-28
671,Employee_671,51.0,Male,IT,23901.0,Nashik,2024-02-16
672,Employee_672,28.0,female,,106530.0,Kolhapur,2025-06-15
673,Employee_673,53.0, male ,Marketing,114575.0,Aurangabad,2023-05-31
674,Employee_674,52.0,Female,IT,105033.0,Pune,2023-02-07
675,Employee_675,26.0,Male ,IT,92323.0,Kolhapur,invalid_date
676,Employee_676,33.0,female,Sales,115225.0,Nashik,2023-09-23
677,Employee_677,40.0,FEMALE,IT,78816.0,Mumbai,2025-04-04
678,Employee_678,55.0,female,Finance,65919.0,Aurangabad,2025-01-25
679,Employee_679,30.0,FEMALE,Sales,113276.0,Pune,2023-03-05
680,Employee_680,26.0, male ,Marketing,72789.0,Nagpur,2024-10-13
681,Employee_681,49.0,female,Finance,36662.0,Mumbai,2024-12-22
682,Employee_682,31.0,Male ,IT,82043.0,Pune,2024-09-08
683,Employee_683,54.0, male ,IT,35432.0,Nashik,2023-10-29
684,Employee_684,55.0,Female,HR,59998.0,Kolhapur,invalid_date
685,Employee_685,20.0, male ,Finance,94155.0,Nagpur,2025-05-04
686,Employee_686,26.0,female,IT,119834.0,Pune,2025-03-30
687,Employee_687,32.0,female,IT,107876.0,Kolhapur,2023-04-01
688,Employee_688,19.0,Male ,Marketing,104399.0,Mumbai,2025-02-07
689,Employee_689,19.0,female,Marketing,22486.0,Nagpur,2023-03-28
690,Employee_690,56.0,FEMALE,HR,23049.0,Nagpur,2023-01-25
691,Employee_691,38.0,Female,IT,33019.0,Pune,2023-06-07
692,Employee_692,21.0, male ,Finance,43784.0,Pune,2023-11-24
693,Employee_693,38.0,FEMALE,Marketing,46549.0,Aurangabad,2024-01-30
694,Employee_694,,FEMALE,,92498.0,Mumbai,2023-01-20
695,Employee_695,55.0,female,Marketing,59926.0,Mumbai,2025-03-12
696,Employee_696,41.0,Male,Sales,92764.0,Nagpur,2025-04-29
697,Employee_697,59.0, male ,,52884.0,Mumbai,2024-08-22
698,Employee_698,36.0,Female,,59405.0,Aurangabad,2023-10-14
699,Employee_699,38.0, male ,HR,118657.0,Kolhapur,2023-11-26
700,Employee_700,47.0,Male,Sales,20268.0,Kolhapur,2023-06-27
701,Employee_701,49.0,female,Finance,105078.0,Kolhapur,2023-05-07
702,Employee_702,40.0,Male,Finance,43224.0,Nashik,2023-07-17
703,Employee_703,35.0,female,HR,100405.0,Mumbai,2024-05-20
704,Employee_704,20.0,Male,IT,103681.0,Aurangabad,2024-05-27
705,Employee_705,53.0,Female,IT,28566.0,Aurangabad,2025-05-26
706,Employee_706,51.0,female,Marketing,,Nagpur,2023-01-03
707,Employee_707,59.0,Male,,73330.0,Aurangabad,2024-04-22
708,Employee_708,51.0, male ,Sales,89784.0,Nagpur,2023-07-19
709,Employee_709,32.0, male ,IT,29757.0,Pune,2024-10-03
710,Employee_710,19.0, male ,Sales,52821.0,Nashik,2024-06-16
711,Employee_711,57.0,Male,Sales,32539.0,Pune,2024-01-22
712,Employee_712,21.0,Male,Sales,102075.0,Kolhapur,2023-02-27
713,Employee_713,36.0,FEMALE,Finance,100911.0,Nagpur,2025-03-25
714,Employee_714,57.0,Male,Sales,79516.0,Pune,2024-09-01
715,Employee_715,55.0,FEMALE,,66581.0,Aurangabad,2024-03-31
716,Employee_716,26.0, male ,Marketing,87256.0,Aurangabad,2025-03-05
717,Employee_717,39.0,Male,HR,68343.0,Aurangabad,2025-04-18
718,Employee_718,21.0,Female,,28965.0,Nagpur,2024-12-12
719,Employee_719,39.0,Male,Finance,100753.0,Pune,2024-05-22
720,Employee_720,32.0,female,Finance,83012.0,Mumbai,2024-02-14
721,Employee_721,22.0,FEMALE,HR,38664.0,Kolhapur,2024-08-22
722,Employee_722,41.0, male ,,46099.0,Mumbai,2023-12-14
723,Employee_723,33.0,FEMALE,,54313.0,Pune,2023-12-13
724,Employee_724,41.0,female,Sales,89065.0,Pune,2023-05-28
725,Employee_725,30.0,female,HR,98584.0,Pune,2025-02-20
726,Employee_726,30.0,Female,Marketing,102504.0,Aurangabad,2024-05-15
727,Employee_727,23.0,FEMALE,Marketing,118475.0,Nagpur,2023-07-03
728,Employee_728,48.0,Female,HR,82096.0,Mumbai,2024-04-07
729,Employee_729,45.0,Male ,Sales,69034.0,Mumbai,2025-02-08
730,Employee_730,46.0,FEMALE,Finance,64089.0,Nagpur,2024-02-23
731,Employee_731,49.0, male ,Sales,43536.0,Nashik,2025-05-12
732,Employee_732,52.0,Male ,HR,32898.0,Nashik,2023-07-21
733,Employee_733,34.0,Male,IT,38070.0,Nashik,2025-04-22
734,Employee_734,43.0,FEMALE,HR,81866.0,Mumbai,2025-01-10
735,Employee_735,55.0, male ,HR,114700.0,Nagpur,2025-02-27
736,Employee_736,44.0,female,Sales,36822.0,Nagpur,2025-04-09
737,Employee_737,44.0, male ,Marketing,119987.0,Pune,2024-08-04
738,Employee_738,39.0,Male ,Finance,69980.0,Mumbai,2024-05-01
739,Employee_739,58.0,Male,,32221.0,Aurangabad,invalid_date
740,Employee_740,,FEMALE,Sales,57200.0,Nashik,invalid_date
741,Employee_741,44.0,FEMALE,,36926.0,Pune,2024-02-03
742,Employee_742,31.0,Female,Marketing,107135.0,Aurangabad,2023-11-14
743,Employee_743,47.0,FEMALE,Sales,46437.0,Nagpur,2024-09-11
744,Employee_744,54.0, male ,,80319.0,Nagpur,2023-12-22
745,Employee_745,29.0,FEMALE,Finance,100967.0,Kolhapur,2023-07-07
746,Employee_746,24.0,female,Sales,102324.0,Kolhapur,2025-01-13
747,Employee_747,31.0,FEMALE,Finance,33791.0,Mumbai,2023-09-16
748,Employee_748,22.0,FEMALE,Sales,69958.0,Pune,2023-09-14
749,Employee_749,47.0,female,Finance,80470.0,Mumbai,2024-04-27
750,Employee_750,28.0,Female,Sales,90078.0,Kolhapur,invalid_date
751,Employee_751,35.0,FEMALE,,48399.0,Pune,2025-05-06
752,Employee_752,51.0,Male ,Sales,71199.0,Pune,2025-03-01
753,Employee_753,30.0,Male,IT,46212.0,Mumbai,2024-11-27
754,Employee_754,32.0, male ,IT,114897.0,Aurangabad,2024-10-03
755,Employee_755,43.0, male ,HR,33878.0,Pune,2024-02-16
756,Employee_756,18.0,Male,Sales,56497.0,Mumbai,2024-02-25
757,Employee_757,56.0,female,,98625.0,Nagpur,2024-11-25
758,Employee_758,58.0,Male ,Marketing,107342.0,Nagpur,2024-01-27
759,Employee_759,32.0,Female,,36260.0,Nagpur,2025-02-14
760,Employee_760,,Female,,39879.0,Pune,2023-09-01
761,Employee_761,46.0,Male ,Finance,37598.0,Kolhapur,2025-04-12
762,Employee_762,39.0,female,,51752.0,Kolhapur,2023-08-16
763,Employee_763,29.0,Male,HR,,Pune,2024-10-11
764,Employee_764,31.0, male ,HR,75868.0,Kolhapur,2023-07-22
765,Employee_765,37.0, male ,Finance,95552.0,Pune,2024-01-04
766,Employee_766,45.0,FEMALE,Finance,119657.0,Pune,2025-02-16
767,Employee_767,37.0, male ,Finance,60088.0,Aurangabad,2024-09-12
768,Employee_768,39.0,Male ,,40280.0,Kolhapur,2024-01-19
769,Employee_769,41.0,FEMALE,Sales,84166.0,Pune,2024-01-30
770,Employee_770,45.0,female,,86795.0,Nashik,2024-12-14
771,Employee_771,42.0,female,,,Kolhapur,2023-01-29
772,Employee_772,56.0,Male,Sales,109268.0,Pune,2024-10-21
773,Employee_773,42.0,FEMALE,IT,87965.0,Kolhapur,2023-11-06
774,Employee_774,42.0,Male,,116198.0,Aurangabad,2025-03-06
775,Employee_775,31.0,Male,Sales,42072.0,Pune,2025-03-03
776,Employee_776,36.0,Female,Finance,42365.0,Mumbai,2024-05-29
777,Employee_777,46.0,Female,IT,46337.0,Nagpur,2024-03-27
778,Employee_778,57.0, male ,Sales,30460.0,Nashik,2023-01-31
779,Employee_779,48.0,Male,HR,28002.0,Aurangabad,invalid_date
780,Employee_780,35.0, male ,IT,99216.0,Kolhapur,2023-12-18
781,Employee_781,60.0,Male,Sales,66665.0,Nagpur,2025-06-10
782,Employee_782,26.0, male ,Finance,89550.0,Aurangabad,2024-12-03
783,Employee_783,48.0,female,IT,20410.0,Pune,2025-04-06
784,Employee_784,49.0,FEMALE,Finance,30665.0,Kolhapur,2025-05-27
785,Employee_785,24.0,Female,Finance,113315.0,Pune,2023-11-05
786,Employee_786,53.0,Female,HR,78495.0,Mumbai,2025-02-10
787,Employee_787,23.0,female,IT,62795.0,Kolhapur,2024-05-02
788,Employee_788,26.0,Male ,Marketing,31854.0,Pune,2024-10-21
789,Employee_789,53.0,Male,Sales,35163.0,Pune,2023-12-15
790,Employee_790,25.0, male ,Sales,36700.0,Aurangabad,2024-07-02
791,Employee_791,38.0,Male,Finance,109037.0,Pune,2024-07-05
792,Employee_792,38.0,Female,,39323.0,Kolhapur,2025-05-19
793,Employee_793,20.0,female,HR,112605.0,Nagpur,2023-10-26
794,Employee_794,,female,,40014.0,Pune,2025-06-05
795,Employee_795,49.0,female,Finance,64225.0,Nashik,2025-02-14
796,Employee_796,36.0,Male,HR,111895.0,Nashik,2025-02-09
797,Employee_797,37.0,female,Finance,38030.0,Nashik,2023-05-29
798,Employee_798,18.0,FEMALE,Finance,115152.0,Kolhapur,2025-05-11
799,Employee_799,21.0,Male ,Finance,87559.0,Mumbai,2024-10-04
800,Employee_800,33.0,female,,71989.0,Nagpur,2025-03-05
801,Employee_801,47.0,Male,Sales,78342.0,Pune,2023-03-26
802,Employee_802,59.0, male ,,95055.0,Kolhapur,2023-04-07
803,Employee_803,59.0,Male,,33033.0,Aurangabad,2023-07-09
804,Employee_804,52.0,Female,,28379.0,Pune,2023-07-05
805,Employee_805,,female,HR,61195.0,Pune,2024-07-29
806,Employee_806,25.0,female,Sales,42492.0,Mumbai,2023-11-04
807,Employee_807,36.0,Male ,IT,111108.0,Aurangabad,2024-07-05
808,Employee_808,24.0,Female,Marketing,24814.0,Aurangabad,2023-08-10
809,Employee_809,57.0,female,HR,54167.0,Nagpur,2024-04-12
810,Employee_810,34.0,female,IT,29248.0,Aurangabad,2024-11-04
811,Employee_811,50.0,Male,Marketing,76836.0,Mumbai,2023-03-21
812,Employee_812,53.0, male ,IT,31662.0,Mumbai,2025-06-08
813,Employee_813,,Female,Marketing,49127.0,Kolhapur,2025-06-15
814,Employee_814,40.0,Female,IT,92291.0,Nagpur,2023-07-05
815,Employee_815,43.0,female,HR,97635.0,Mumbai,2024-01-23
816,Employee_816,,female,Finance,108895.0,Mumbai,2024-03-25
817,Employee_817,35.0,female,Sales,49984.0,Nashik,2024-02-21
818,Employee_818,23.0,female,IT,32272.0,Aurangabad,2024-05-19
819,Employee_819,18.0,FEMALE,Sales,82869.0,Aurangabad,2023-07-14
820,Employee_820,52.0,Male ,Finance,52011.0,Mumbai,2024-11-21
821,Employee_821,51.0,Male,Finance,87329.0,Nagpur,2024-01-24
822,Employee_822,25.0,Female,Sales,58475.0,Kolhapur,2024-10-08
823,Employee_823,31.0, male ,Sales,80693.0,Aurangabad,2024-04-16
824,Employee_824,40.0,FEMALE,HR,33282.0,Pune,2024-06-25
825,Employee_825,27.0,FEMALE,Finance,40398.0,Nashik,2023-11-03
826,Employee_826,29.0,Female,IT,77484.0,Kolhapur,invalid_date
827,Employee_827,30.0,Male,HR,117507.0,Kolhapur,2023-07-23
828,Employee_828,25.0, male ,Finance,84103.0,Aurangabad,2025-01-13
829,Employee_829,42.0,female,HR,36531.0,Pune,2024-11-25
830,Employee_830,18.0,FEMALE,HR,82939.0,Aurangabad,2023-06-06
831,Employee_831,25.0,FEMALE,,111875.0,Pune,2024-12-18
832,Employee_832,57.0, male ,HR,50065.0,Mumbai,invalid_date
833,Employee_833,21.0,Female,IT,73385.0,Nagpur,2024-05-05
834,Employee_834,45.0,Female,IT,66009.0,Pune,2023-07-06
835,Employee_835,21.0,FEMALE,HR,57397.0,Nashik,2024-05-18
836,Employee_836,37.0, male ,,37079.0,Nashik,2025-01-30
837,Employee_837,33.0,Female,,47529.0,Kolhapur,2024-09-08
838,Employee_838,55.0,Male ,Marketing,45287.0,Nashik,2023-11-05
839,Employee_839,30.0,Male ,IT,92154.0,Nashik,2024-04-04
840,Employee_840,22.0,Female,Marketing,74919.0,Nashik,2024-12-14
841,Employee_841,36.0,female,Marketing,72100.0,Aurangabad,2023-03-18
842,Employee_842,42.0,Female,Marketing,99589.0,Mumbai,2024-08-29
843,Employee_843,51.0,Male ,Sales,58844.0,Mumbai,2023-08-18
844,Employee_844,33.0,female,HR,56406.0,Mumbai,2024-07-01
845,Employee_845,56.0,female,HR,112466.0,Nagpur,2024-09-18
846,Employee_846,18.0, male ,Sales,48741.0,Aurangabad,2024-11-04
847,Employee_847,42.0,FEMALE,HR,102081.0,Nashik,2023-10-03
848,Employee_848,58.0, male ,HR,115195.0,Nagpur,2023-04-06
849,Employee_849,47.0,female,IT,94666.0,Pune,2023-11-14
850,Employee_850,29.0,FEMALE,,29103.0,Nagpur,2023-04-13
851,Employee_851,26.0,female,Sales,69528.0,Mumbai,2023-09-12
852,Employee_852,35.0,female,Sales,33938.0,Mumbai,2023-05-23
853,Employee_853,28.0,Male ,,63483.0,Nashik,2024-10-04
854,Employee_854,24.0,Male,HR,33443.0,Pune,2023-08-21
855,Employee_855,27.0,FEMALE,HR,109707.0,Pune,2023-08-18
856,Employee_856,57.0,Male ,HR,35512.0,Mumbai,2024-03-14
857,Employee_857,56.0, male ,Sales,101888.0,Nashik,2024-05-26
858,Employee_858,34.0,Female,Finance,39213.0,Nagpur,2025-01-08
859,Employee_859,25.0,Female,HR,31855.0,Nagpur,2023-12-28
860,Employee_860,44.0,FEMALE,Finance,38116.0,Aurangabad,2024-05-24
861,Employee_861,32.0,female,Sales,30959.0,Mumbai,invalid_date
862,Employee_862,19.0, male ,HR,,Nashik,2024-04-16
863,Employee_863,53.0,Male,,47621.0,Kolhapur,2023-05-27
864,Employee_864,45.0,FEMALE,Marketing,27088.0,Mumbai,2023-01-31
865,Employee_865,27.0,Female,Finance,21635.0,Kolhapur,2023-05-24
866,Employee_866,39.0,Female,Sales,104521.0,Kolhapur,2023-02-02
867,Employee_867,18.0,Male ,Marketing,79545.0,Nashik,2024-12-27
868,Employee_868,23.0,Female,Finance,36401.0,Mumbai,2025-04-22
869,Employee_869,22.0,FEMALE,HR,104133.0,Pune,2025-04-02
870,Employee_870,45.0,Female,IT,30198.0,Mumbai,2024-07-08
871,Employee_871,31.0, male ,Sales,92311.0,Aurangabad,2024-08-01
872,Employee_872,, male ,Finance,21111.0,Aurangabad,2023-07-19
873,Employee_873,43.0,Male ,HR,63426.0,Pune,2024-08-24
874,Employee_874,20.0,female,Sales,41131.0,Kolhapur,2023-08-26
875,Employee_875,28.0, male ,Marketing,64436.0,Nagpur,2023-02-10
876,Employee_876,42.0,Male,HR,39975.0,Nashik,2024-07-14
877,Employee_877,47.0, male ,Marketing,42245.0,Nashik,2023-12-28
878,Employee_878,47.0,Male,Marketing,82031.0,Nagpur,2023-02-10
879,Employee_879,36.0, male ,Sales,101871.0,Kolhapur,2024-02-28
880,Employee_880,34.0,Female,Sales,117129.0,Nashik,2024-01-20
881,Employee_881,32.0,FEMALE,,65735.0,Aurangabad,2025-04-17
882,Employee_882,24.0, male ,IT,76769.0,Aurangabad,2024-05-12
883,Employee_883,48.0,female,HR,91444.0,Nashik,2024-08-04
884,Employee_884,21.0,Female,Sales,76375.0,Kolhapur,2024-03-09
885,Employee_885,58.0,FEMALE,Marketing,59103.0,Mumbai,2024-11-16
886,Employee_886,23.0,Female,IT,64829.0,Nagpur,2024-05-08
887,Employee_887,45.0,Male,,110819.0,Kolhapur,2024-08-15
888,Employee_888,38.0, male ,Sales,39331.0,Kolhapur,2024-02-21
889,Employee_889,26.0,Female,,103744.0,Mumbai,2024-03-06
890,Employee_890,31.0, male ,IT,47494.0,Pune,2023-11-06
891,Employee_891,25.0, male ,IT,74270.0,Aurangabad,2024-03-12
892,Employee_892,29.0,Male ,Finance,76149.0,Nagpur,2023-10-19
893,Employee_893,45.0,female,Sales,31484.0,Aurangabad,2024-02-26
894,Employee_894,24.0,FEMALE,HR,24277.0,Mumbai,2025-03-06
895,Employee_895,42.0,female,,80810.0,Kolhapur,invalid_date
896,Employee_896,50.0,FEMALE,,54668.0,Mumbai,2023-01-05
897,Employee_897,44.0, male ,HR,88021.0,Aurangabad,2024-03-16
898,Employee_898,59.0,Female,,95740.0,Nagpur,2025-01-15
899,Employee_899,38.0,female,Marketing,33051.0,Nagpur,2025-05-13
900,Employee_900,28.0,Male,,23360.0,Aurangabad,invalid_date
901,Employee_901,23.0,female,,37111.0,Nashik,2023-07-11
902,Employee_902,32.0,female,Sales,69559.0,Nashik,2023-03-26
903,Employee_903,58.0,Male,HR,34540.0,Nashik,2023-09-26
904,Employee_904,,FEMALE,Sales,47259.0,Nagpur,2024-10-02
905,Employee_905,38.0,female,Marketing,41116.0,Kolhapur,2024-09-13
906,Employee_906,40.0,Male ,,100478.0,Nashik,2023-05-05
907,Employee_907,19.0,Male,IT,48351.0,Mumbai,2023-08-14
908,Employee_908,26.0,FEMALE,,92285.0,Nagpur,2024-03-22
909,Employee_909,43.0,FEMALE,Sales,114030.0,Aurangabad,2025-03-23
910,Employee_910,31.0, male ,Marketing,75540.0,Pune,2024-09-13
911,Employee_911,30.0,Male ,Finance,24424.0,Nashik,2024-09-10
912,Employee_912,51.0, male ,Finance,72206.0,Mumbai,2024-01-02
913,Employee_913,31.0,female,IT,61215.0,Mumbai,2024-04-21
914,Employee_914,38.0,Male,Marketing,70540.0,Nashik,2025-01-03
915,Employee_915,,Female,HR,61652.0,Pune,2025-04-01
916,Employee_916,20.0,Male ,Finance,98830.0,Mumbai,invalid_date
917,Employee_917,19.0,Male ,Marketing,80525.0,Pune,2023-12-12
918,Employee_918,44.0,Male,Marketing,65327.0,Nashik,2024-05-20
919,Employee_919,47.0,Male ,Sales,35913.0,Pune,2023-08-18
920,Employee_920,38.0,Male ,Sales,45055.0,Kolhapur,2025-06-07
921,Employee_921,20.0, male ,,100314.0,Mumbai,2023-05-22
922,Employee_922,27.0,Male ,Finance,103480.0,Kolhapur,2024-05-16
923,Employee_923,38.0, male ,Marketing,32032.0,Mumbai,2024-11-06
924,Employee_924,22.0,FEMALE,Finance,27899.0,Mumbai,2024-05-14
925,Employee_925,51.0,female,HR,112866.0,Aurangabad,2023-04-19
926,Employee_926,42.0,Male,IT,101327.0,Nagpur,2023-06-18
927,Employee_927,27.0,FEMALE,HR,34047.0,Nashik,2023-01-30
928,Employee_928,51.0,Female,Finance,92129.0,Aurangabad,2024-03-17
929,Employee_929,21.0,Female,IT,115944.0,Mumbai,2024-02-17
930,Employee_930,49.0,Male,HR,34311.0,Pune,2023-02-24
931,Employee_931,54.0,FEMALE,Finance,101293.0,Pune,2023-08-14
932,Employee_932,35.0,female,Sales,112517.0,Pune,2023-07-09
933,Employee_933,57.0,Female,IT,42312.0,Nagpur,2023-05-26
934,Employee_934,60.0,female,Sales,43267.0,Aurangabad,2023-12-27
935,Employee_935,55.0,Female,Marketing,22279.0,Aurangabad,2023-06-21
936,Employee_936,39.0,female,Finance,91527.0,Nashik,2024-01-09
937,Employee_937,39.0,Female,Finance,34779.0,Mumbai,2024-11-06
938,Employee_938,33.0,FEMALE,,67109.0,Pune,2023-10-08
939,Employee_939,52.0,FEMALE,Marketing,65723.0,Nagpur,2023-10-10
940,Employee_940,20.0, male ,Sales,94273.0,Pune,2024-05-25
941,Employee_941,27.0,FEMALE,IT,41313.0,Pune,2025-03-29
942,Employee_942,,Male,Finance,84011.0,Nashik,2024-11-07
943,Employee_943,40.0,Male,,85797.0,Nashik,2023-05-27
944,Employee_944,23.0,Female,,,Kolhapur,2024-01-31
945,Employee_945,37.0,Male ,HR,108987.0,Kolhapur,2025-02-25
946,Employee_946,30.0,Male ,HR,94273.0,Nagpur,2025-03-12
947,Employee_947,51.0,FEMALE,IT,109805.0,Nagpur,2024-04-22
948,Employee_948,44.0,Female,Marketing,38426.0,Aurangabad,2024-01-18
949,Employee_949,52.0,female,Sales,36506.0,Nagpur,2025-04-06
950,Employee_950,51.0, male ,Marketing,27168.0,Pune,2025-04-21
951,Employee_951,48.0,female,HR,117055.0,Aurangabad,2023-05-28
952,Employee_952,49.0,FEMALE,Marketing,59438.0,Kolhapur,2023-07-25
953,Employee_953,18.0,Male ,Finance,52401.0,Nagpur,2023-02-26
954,Employee_954,37.0,female,Marketing,100315.0,Pune,2024-03-18
955,Employee_955,19.0,FEMALE,Finance,42383.0,Nashik,2023-10-24
956,Employee_956,60.0,FEMALE,Finance,34068.0,Mumbai,2023-01-29
957,Employee_957,18.0,Male,IT,106139.0,Mumbai,2024-04-24
958,Employee_958,28.0, male ,,85619.0,Aurangabad,2024-02-04
959,Employee_959,40.0,female,IT,38355.0,Nagpur,2023-03-11
960,Employee_960,59.0,Female,,86450.0,Nashik,2024-08-25
961,Employee_961,40.0,Female,Sales,25888.0,Kolhapur,2023-04-19
962,Employee_962,48.0,FEMALE,Sales,42806.0,Pune,2024-09-18
963,Employee_963,22.0, male ,Sales,69063.0,Kolhapur,2024-04-05
964,Employee_964,58.0,Female,HR,108978.0,Kolhapur,2023-06-15
965,Employee_965,51.0,Female,Sales,96298.0,Mumbai,2023-01-06
966,Employee_966,22.0,Female,HR,115457.0,Aurangabad,2025-04-27
967,Employee_967,40.0,Male,Marketing,101981.0,Pune,2023-05-11
968,Employee_968,37.0,Female,IT,26747.0,Nashik,2024-02-04
969,Employee_969,28.0,FEMALE,Marketing,51640.0,Pune,2024-07-13
970,Employee_970,25.0, male ,Sales,24230.0,Mumbai,2023-07-29
971,Employee_971,39.0, male ,Sales,50882.0,Nagpur,2024-09-04
972,Employee_972,23.0,FEMALE,Marketing,55456.0,Mumbai,2024-10-27
973,Employee_973,48.0,Male ,Marketing,27255.0,Nagpur,2024-11-29
974,Employee_974,21.0,Male ,HR,76324.0,Pune,2024-03-24
975,Employee_975,41.0,Female,Sales,45381.0,Aurangabad,2023-01-11
976,Employee_976,52.0,Female,IT,36608.0,Pune,2023-11-18
977,Employee_977,59.0,female,Sales,99445.0,Pune,2023-09-14
978,Employee_978,31.0,female,HR,68094.0,Aurangabad,2023-10-01
979,Employee_979,21.0, male ,Sales,101509.0,Mumbai,2023-05-21
980,Employee_980,51.0,Female,,36088.0,Nagpur,2024-10-27
20,Employee_20,53.0,FEMALE,Finance,32224.0,Nagpur,2023-08-07
19,Employee_19,30.0,Female,Sales,56509.0,Nagpur,2025-04-07
18,Employee_18,45.0,Male,Finance,81213.0,Kolhapur,2023-12-14
17,Employee_17,60.0,Female,Finance,114811.0,Nagpur,2023-07-14
16,Employee_16,22.0,Female,Sales,97128.0,Pune,2025-05-30
15,Employee_15,56.0,FEMALE,Marketing,108039.0,Nagpur,2023-05-04
14,Employee_14,23.0,female,Finance,119693.0,Aurangabad,2023-06-19
13,Employee_13,56.0, male ,HR,,Pune,2023-09-04
12,Employee_12,34.0,Female,IT,101959.0,Mumbai,2024-07-06
11,Employee_11,25.0,Female,Finance,58469.0,Pune,2025-01-09
10,Employee_10,28.0,Male ,Finance,,Aurangabad,2023-09-15
9,Employee_9,55.0,Male ,Finance,96484.0,Pune,2025-02-12
8,Employee_8,54.0,Female,IT,104259.0,Mumbai,2023-09-10
7,Employee_7,28.0,Male,IT,109733.0,Nagpur,2023-10-02
6,Employee_6,41.0,Male ,,107841.0,Mumbai,2024-06-30
5,Employee_5,41.0,Female,Sales,106673.0,Nagpur,2023-10-12
4,Employee_4,20.0,Male ,IT,90284.0,Kolhapur,2024-09-25
3,Employee_3,28.0,Male,Sales,48221.0,Nagpur,2023-04-10
2,Employee_2,32.0,Female,Finance,91426.0,Aurangabad,2023-10-12
1,Employee_1,58.0,Male ,Finance,49256.0,Pune,2023-01-31
