OrderID,OrderDate,Month,Region,Product,Category,SalesPerson,Quantity,UnitPrice,Sales
1,2024-11-29,November,North,Tablet,Electronics,Riya,5,5000,25000
2,2024-10-25,October,North,Keyboard,Accessories,Rahul,4,1200,4800
3,2024-08-02,August,North,Laptop,Electronics,Rahul,3,5000,15000
4,2024-01-31,January,North,Laptop,Electronics,Rahul,18,5000,90000
5,2024-10-22,October,West,Mouse,Accessories,Amit,19,500,9500
6,2024-03-09,March,East,Phone,Electronics,Priya,2,15000,30000
7,2024-10-19,October,East,Phone,Electronics,Neha,18,500,9000
8,2024-11-23,November,South,Laptop,Electronics,Vikas,19,15000,285000
9,2024-02-02,February,North,Laptop,Electronics,Rahul,18,30000,540000
10,2024-06-09,June,West,Monitor,Accessories,Karan,18,5000,90000
11,2024-04-02,April,South,Tablet,Electronics,Riya,10,800,8000
12,2024-09-10,September,East,Keyboard,Accessories,Karan,10,15000,150000
13,2024-03-01,March,West,Tablet,Electronics,Neha,20,500,10000
14,2024-08-03,August,North,Tablet,Electronics,Riya,5,5000,25000
15,2024-06-23,June,East,Keyboard,Accessories,Karan,19,1200,22800
16,2024-02-17,February,East,Keyboard,Accessories,Karan,15,500,7500
17,2024-12-25,December,East,Mouse,Accessories,Karan,3,500,1500
18,2024-06-26,June,North,Tablet,Electronics,Karan,13,30000,390000
19,2024-02-29,February,West,Tablet,Electronics,Amit,6,15000,90000
20,2024-05-06,May,West,Phone,Electronics,Priya,10,800,8000
21,2024-08-17,August,West,Monitor,Accessories,Sneha,3,800,2400
22,2024-05-22,May,West,Phone,Electronics,Vikas,14,15000,210000
23,2024-03-18,March,North,Mouse,Accessories,Neha,13,800,10400
24,2024-04-29,April,North,Phone,Electronics,Karan,8,30000,240000
25,2024-05-24,May,North,Keyboard,Accessories,Neha,6,1200,7200
26,2024-11-08,November,East,Monitor,Accessories,Neha,18,1200,21600
27,2024-12-01,December,North,Mouse,Accessories,Karan,17,15000,255000
28,2024-07-22,July,West,Mouse,Accessories,Priya,18,5000,90000
29,2024-07-24,July,North,Laptop,Electronics,Rahul,16,30000,480000
30,2024-03-24,March,North,Laptop,Electronics,Vikas,7,5000,35000
31,2024-01-01,January,South,Keyboard,Accessories,Riya,2,500,1000
32,2024-02-06,February,South,Tablet,Electronics,Priya,20,500,10000
33,2024-11-04,November,East,Phone,Electronics,Karan,9,1200,10800
34,2024-08-26,August,West,Laptop,Electronics,Karan,4,5000,20000
35,2024-02-22,February,East,Tablet,Electronics,Sneha,3,800,2400
36,2024-01-12,January,South,Monitor,Accessories,Vikas,6,15000,90000
37,2024-09-27,September,East,Phone,Electronics,Riya,18,500,9000
38,2024-07-06,July,South,Mouse,Accessories,Vikas,9,15000,135000
39,2024-09-14,September,East,Phone,Electronics,Rahul,18,15000,270000
40,2024-07-24,July,South,Keyboard,Accessories,Rahul,7,800,5600
41,2024-01-15,January,North,Keyboard,Accessories,Sneha,16,1200,19200
42,2024-12-20,December,East,Monitor,Accessories,Karan,9,800,7200
43,2024-02-11,February,South,Mouse,Accessories,Riya,12,1200,14400
44,2024-06-21,June,South,Phone,Electronics,Karan,16,800,12800
45,2024-09-02,September,East,Keyboard,Accessories,Riya,20,500,10000
46,2024-12-30,December,South,Mouse,Accessories,Karan,4,5000,20000
47,2024-06-19,June,North,Phone,Electronics,Priya,14,30000,420000
48,2024-02-13,February,South,Monitor,Accessories,Neha,13,30000,390000
49,2024-10-29,October,West,Phone,Electronics,Neha,1,800,800
50,2024-12-02,December,East,Keyboard,Accessories,Neha,20,5000,100000
51,2024-01-11,January,North,Keyboard,Accessories,Riya,18,800,14400
52,2024-04-09,April,South,Keyboard,Accessories,Amit,5,5000,25000
53,2024-09-13,September,South,Tablet,Electronics,Vikas,7,1200,8400
54,2024-03-08,March,North,Tablet,Electronics,Vikas,18,5000,90000
55,2024-08-03,August,South,Monitor,Accessories,Neha,19,15000,285000
56,2024-08-13,August,South,Keyboard,Accessories,Amit,17,500,8500
57,2024-08-30,August,North,Phone,Electronics,Amit,6,800,4800
58,2024-10-11,October,West,Tablet,Electronics,Riya,17,15000,255000
59,2024-04-07,April,East,Keyboard,Accessories,Amit,2,800,1600
60,2024-10-14,October,North,Laptop,Electronics,Riya,17,5000,85000
61,2024-09-15,September,South,Monitor,Accessories,Sneha,11,15000,165000
62,2024-09-01,September,South,Monitor,Accessories,Sneha,17,15000,255000
63,2024-03-11,March,West,Keyboard,Accessories,Riya,7,5000,35000
64,2024-02-07,February,South,Monitor,Accessories,Priya,15,1200,18000
65,2024-06-04,June,North,Laptop,Electronics,Neha,7,30000,210000
66,2024-05-09,May,South,Mouse,Accessories,Karan,12,800,9600
67,2024-09-06,September,South,Phone,Electronics,Rahul,4,5000,20000
68,2024-07-25,July,East,Phone,Electronics,Priya,14,15000,210000
69,2024-02-17,February,East,Phone,Electronics,Amit,12,1200,14400
70,2024-08-13,August,North,Tablet,Electronics,Priya,18,5000,90000
71,2024-05-31,May,North,Tablet,Electronics,Riya,17,15000,255000
72,2024-05-15,May,East,Phone,Electronics,Amit,4,500,2000
73,2024-08-04,August,East,Phone,Electronics,Priya,9,800,7200
74,2024-10-19,October,West,Phone,Electronics,Vikas,18,15000,270000
75,2024-12-18,December,South,Laptop,Electronics,Priya,9,500,4500
76,2024-11-20,November,North,Laptop,Electronics,Sneha,9,500,4500
77,2024-02-04,February,East,Laptop,Electronics,Riya,20,800,16000
78,2024-10-10,October,West,Monitor,Accessories,Sneha,1,1200,1200
79,2024-09-26,September,South,Keyboard,Accessories,Riya,5,500,2500
80,2024-04-02,April,South,Phone,Electronics,Sneha,9,500,4500
81,2024-04-15,April,East,Mouse,Accessories,Karan,10,15000,150000
82,2024-06-26,June,North,Keyboard,Accessories,Sneha,6,1200,7200
83,2024-09-15,September,South,Laptop,Electronics,Karan,1,500,500
84,2024-12-03,December,West,Phone,Electronics,Karan,15,500,7500
85,2024-06-06,June,South,Keyboard,Accessories,Rahul,13,15000,195000
86,2024-11-21,November,South,Tablet,Electronics,Priya,7,30000,210000
87,2024-01-08,January,North,Tablet,Electronics,Sneha,2,800,1600
88,2024-02-13,February,West,Monitor,Accessories,Sneha,6,500,3000
89,2024-05-30,May,North,Keyboard,Accessories,Karan,8,30000,240000
90,2024-08-16,August,North,Phone,Electronics,Sneha,6,1200,7200
91,2024-06-14,June,South,Tablet,Electronics,Amit,11,15000,165000
92,2024-04-03,April,North,Tablet,Electronics,Vikas,7,1200,8400
93,2024-05-22,May,South,Monitor,Accessories,Rahul,3,5000,15000
94,2024-05-15,May,North,Keyboard,Accessories,Neha,1,500,500
95,2024-07-20,July,North,Monitor,Accessories,Sneha,19,500,9500
96,2024-10-26,October,South,Tablet,Electronics,Priya,8,500,4000
97,2024-05-25,May,South,Tablet,Electronics,Amit,16,800,12800
98,2024-08-07,August,South,Mouse,Accessories,Amit,17,30000,510000
99,2024-12-15,December,South,Mouse,Accessories,Riya,19,30000,570000
100,2024-11-22,November,East,Laptop,Electronics,Riya,2,800,1600
101,2024-01-26,January,North,Monitor,Accessories,Rahul,15,15000,225000
102,2024-08-21,August,North,Monitor,Accessories,Riya,9,500,4500
103,2024-08-30,August,East,Mouse,Accessories,Riya,17,500,8500
104,2024-04-15,April,South,Tablet,Electronics,Karan,8,30000,240000
105,2024-09-02,September,East,Monitor,Accessories,Amit,13,500,6500
106,2024-11-03,November,South,Keyboard,Accessories,Vikas,7,500,3500
107,2024-10-17,October,South,Tablet,Electronics,Amit,10,15000,150000
108,2024-05-17,May,North,Monitor,Accessories,Rahul,2,5000,10000
109,2024-12-28,December,East,Mouse,Accessories,Karan,16,1200,19200
110,2024-10-08,October,South,Monitor,Accessories,Sneha,15,500,7500
111,2024-05-28,May,West,Laptop,Electronics,Riya,16,500,8000
112,2024-07-17,July,South,Keyboard,Accessories,Rahul,15,1200,18000
113,2024-03-13,March,East,Laptop,Electronics,Vikas,19,500,9500
114,2024-09-17,September,East,Phone,Electronics,Riya,20,30000,600000
115,2024-09-11,September,West,Mouse,Accessories,Priya,12,800,9600
116,2024-09-08,September,West,Laptop,Electronics,Priya,6,500,3000
117,2024-06-25,June,West,Tablet,Electronics,Vikas,5,5000,25000
118,2024-06-15,June,East,Laptop,Electronics,Priya,11,500,5500
119,2024-01-07,January,East,Laptop,Electronics,Sneha,7,30000,210000
120,2024-07-18,July,North,Tablet,Electronics,Vikas,3,5000,15000
121,2024-05-23,May,North,Monitor,Accessories,Amit,9,500,4500
122,2024-03-17,March,South,Mouse,Accessories,Sneha,10,30000,300000
123,2024-04-07,April,East,Monitor,Accessories,Priya,17,1200,20400
124,2024-10-08,October,South,Laptop,Electronics,Riya,13,15000,195000
125,2024-11-10,November,South,Laptop,Electronics,Sneha,14,5000,70000
126,2024-03-06,March,South,Monitor,Accessories,Karan,2,15000,30000
127,2024-06-01,June,East,Monitor,Accessories,Sneha,11,1200,13200
128,2024-09-04,September,West,Monitor,Accessories,Riya,8,1200,9600
129,2024-04-16,April,West,Phone,Electronics,Rahul,6,500,3000
130,2024-08-06,August,South,Monitor,Accessories,Rahul,11,5000,55000
131,2024-06-24,June,North,Phone,Electronics,Vikas,3,800,2400
132,2024-10-18,October,South,Phone,Electronics,Amit,12,1200,14400
133,2024-07-30,July,South,Mouse,Accessories,Priya,14,5000,70000
134,2024-09-12,September,East,Tablet,Electronics,Vikas,11,500,5500
135,2024-11-18,November,South,Phone,Electronics,Riya,17,15000,255000
136,2024-07-23,July,West,Tablet,Electronics,Priya,8,5000,40000
137,2024-01-17,January,West,Tablet,Electronics,Karan,1,800,800
138,2024-02-07,February,West,Keyboard,Accessories,Karan,16,500,8000
139,2024-04-24,April,South,Monitor,Accessories,Neha,8,500,4000
140,2024-12-24,December,West,Keyboard,Accessories,Riya,4,30000,120000
141,2024-03-05,March,South,Keyboard,Accessories,Amit,2,500,1000
142,2024-11-16,November,East,Mouse,Accessories,Priya,10,800,8000
143,2024-02-06,February,East,Mouse,Accessories,Rahul,4,500,2000
144,2024-11-03,November,North,Monitor,Accessories,Amit,9,800,7200
145,2024-05-22,May,East,Keyboard,Accessories,Rahul,10,5000,50000
146,2024-10-07,October,South,Monitor,Accessories,Amit,17,800,13600
147,2024-01-12,January,South,Monitor,Accessories,Karan,10,500,5000
148,2024-05-11,May,South,Mouse,Accessories,Priya,14,500,7000
149,2024-01-18,January,East,Tablet,Electronics,Priya,8,5000,40000
150,2024-01-04,January,East,Tablet,Electronics,Riya,13,800,10400
151,2024-06-08,June,South,Phone,Electronics,Rahul,16,800,12800
152,2024-05-31,May,North,Monitor,Accessories,Karan,8,1200,9600
153,2024-09-05,September,West,Keyboard,Accessories,Amit,6,800,4800
154,2024-01-28,January,South,Keyboard,Accessories,Amit,5,5000,25000
155,2024-01-27,January,North,Keyboard,Accessories,Neha,5,5000,25000
156,2024-06-09,June,North,Monitor,Accessories,Riya,15,30000,450000
157,2024-04-04,April,West,Phone,Electronics,Amit,11,800,8800
158,2024-06-18,June,West,Tablet,Electronics,Neha,13,1200,15600
159,2024-05-23,May,North,Laptop,Electronics,Vikas,1,500,500
160,2024-04-16,April,West,Monitor,Accessories,Vikas,4,15000,60000
161,2024-01-26,January,West,Tablet,Electronics,Rahul,14,500,7000
162,2024-04-08,April,East,Tablet,Electronics,Vikas,18,5000,90000
163,2024-11-19,November,West,Mouse,Accessories,Rahul,16,500,8000
164,2024-07-11,July,North,Mouse,Accessories,Karan,13,500,6500
165,2024-04-09,April,North,Laptop,Electronics,Vikas,2,1200,2400
166,2024-11-11,November,North,Tablet,Electronics,Sneha,9,1200,10800
167,2024-06-01,June,North,Mouse,Accessories,Riya,11,1200,13200
168,2024-08-31,August,West,Laptop,Electronics,Priya,8,500,4000
169,2024-03-08,March,West,Tablet,Electronics,Neha,14,5000,70000
170,2024-03-18,March,South,Laptop,Electronics,Vikas,10,30000,300000
171,2024-11-01,November,North,Tablet,Electronics,Rahul,15,1200,18000
172,2024-07-27,July,North,Monitor,Accessories,Amit,6,800,4800
173,2024-06-15,June,South,Monitor,Accessories,Priya,18,15000,270000
174,2024-11-15,November,North,Laptop,Electronics,Rahul,3,1200,3600
175,2024-12-29,December,West,Laptop,Electronics,Neha,14,5000,70000
176,2024-08-23,August,South,Phone,Electronics,Riya,5,5000,25000
177,2024-10-17,October,East,Tablet,Electronics,Vikas,10,1200,12000
178,2024-08-12,August,South,Tablet,Electronics,Neha,9,800,7200
179,2024-05-24,May,South,Phone,Electronics,Vikas,8,800,6400
180,2024-05-05,May,South,Laptop,Electronics,Riya,13,1200,15600
181,2024-02-22,February,North,Mouse,Accessories,Karan,15,500,7500
182,2024-01-21,January,East,Phone,Electronics,Rahul,15,1200,18000
183,2024-11-03,November,South,Laptop,Electronics,Riya,2,800,1600
184,2024-08-17,August,East,Tablet,Electronics,Amit,17,800,13600
185,2024-11-13,November,East,Laptop,Electronics,Rahul,20,30000,600000
186,2024-03-13,March,North,Laptop,Electronics,Rahul,12,1200,14400
187,2024-11-29,November,South,Tablet,Electronics,Amit,2,15000,30000
188,2024-07-09,July,South,Tablet,Electronics,Sneha,14,30000,420000
189,2024-09-10,September,West,Laptop,Electronics,Riya,7,500,3500
190,2024-12-05,December,South,Monitor,Accessories,Riya,4,5000,20000
191,2024-12-22,December,East,Mouse,Accessories,Priya,6,5000,30000
192,2024-01-27,January,East,Tablet,Electronics,Vikas,10,5000,50000
193,2024-07-05,July,South,Monitor,Accessories,Priya,14,500,7000
194,2024-01-04,January,West,Mouse,Accessories,Neha,13,800,10400
195,2024-07-26,July,East,Monitor,Accessories,Karan,4,500,2000
196,2024-01-27,January,South,Phone,Electronics,Priya,5,500,2500
197,2024-07-08,July,South,Laptop,Electronics,Neha,19,15000,285000
198,2024-09-23,September,South,Tablet,Electronics,Riya,10,800,8000
199,2024-04-11,April,East,Laptop,Electronics,Neha,13,5000,65000
200,2024-01-28,January,West,Laptop,Electronics,Riya,16,1200,19200
201,2024-03-23,March,South,Mouse,Accessories,Priya,20,30000,600000
202,2024-04-03,April,South,Keyboard,Accessories,Amit,7,5000,35000
203,2024-07-15,July,East,Monitor,Accessories,Riya,17,800,13600
204,2024-04-08,April,North,Phone,Electronics,Amit,8,30000,240000
205,2024-07-18,July,West,Mouse,Accessories,Sneha,11,500,5500
206,2024-10-25,October,South,Mouse,Accessories,Priya,14,1200,16800
207,2024-09-14,September,West,Monitor,Accessories,Neha,12,5000,60000
208,2024-09-07,September,West,Laptop,Electronics,Rahul,1,15000,15000
209,2024-04-01,April,West,Monitor,Accessories,Priya,20,5000,100000
210,2024-07-02,July,West,Laptop,Electronics,Vikas,3,800,2400
211,2024-09-18,September,North,Laptop,Electronics,Amit,15,15000,225000
212,2024-06-09,June,North,Mouse,Accessories,Amit,5,500,2500
213,2024-03-10,March,North,Keyboard,Accessories,Riya,13,30000,390000
214,2024-03-08,March,West,Keyboard,Accessories,Sneha,4,800,3200
215,2024-06-28,June,East,Phone,Electronics,Neha,8,500,4000
216,2024-08-21,August,South,Tablet,Electronics,Sneha,20,1200,24000
217,2024-10-30,October,East,Keyboard,Accessories,Rahul,16,800,12800
218,2024-04-11,April,South,Tablet,Electronics,Priya,12,500,6000
219,2024-06-16,June,West,Phone,Electronics,Neha,9,30000,270000
220,2024-01-25,January,East,Tablet,Electronics,Karan,4,15000,60000
221,2024-12-18,December,North,Keyboard,Accessories,Sneha,17,15000,255000
222,2024-07-09,July,East,Keyboard,Accessories,Priya,13,30000,390000
223,2024-07-03,July,East,Tablet,Electronics,Riya,19,800,15200
224,2024-11-11,November,North,Monitor,Accessories,Sneha,8,800,6400
225,2024-11-23,November,East,Keyboard,Accessories,Amit,9,1200,10800
226,2024-03-17,March,East,Mouse,Accessories,Priya,2,800,1600
227,2024-01-25,January,South,Monitor,Accessories,Karan,17,1200,20400
228,2024-01-24,January,North,Phone,Electronics,Amit,20,30000,600000
229,2024-06-04,June,North,Laptop,Electronics,Vikas,19,1200,22800
230,2024-10-25,October,East,Keyboard,Accessories,Neha,8,5000,40000
231,2024-08-31,August,South,Phone,Electronics,Neha,12,15000,180000
232,2024-03-17,March,West,Laptop,Electronics,Riya,8,30000,240000
233,2024-05-18,May,West,Laptop,Electronics,Sneha,5,30000,150000
234,2024-10-14,October,East,Laptop,Electronics,Karan,2,30000,60000
235,2024-09-09,September,South,Keyboard,Accessories,Neha,17,30000,510000
236,2024-09-29,September,North,Laptop,Electronics,Priya,2,500,1000
237,2024-01-30,January,North,Phone,Electronics,Amit,8,800,6400
238,2024-04-10,April,South,Keyboard,Accessories,Priya,18,30000,540000
239,2024-11-25,November,West,Phone,Electronics,Neha,17,15000,255000
240,2024-06-02,June,North,Keyboard,Accessories,Karan,10,500,5000
241,2024-07-11,July,West,Mouse,Accessories,Karan,18,500,9000
242,2024-04-25,April,North,Laptop,Electronics,Sneha,15,800,12000
243,2024-06-20,June,East,Phone,Electronics,Amit,2,500,1000
244,2024-08-11,August,East,Tablet,Electronics,Sneha,18,30000,540000
245,2024-09-16,September,North,Mouse,Accessories,Neha,7,500,3500
246,2024-04-13,April,South,Tablet,Electronics,Vikas,8,30000,240000
247,2024-11-03,November,South,Phone,Electronics,Priya,13,1200,15600
248,2024-08-29,August,North,Mouse,Accessories,Amit,18,5000,90000
249,2024-06-06,June,South,Monitor,Accessories,Priya,8,15000,120000
250,2024-10-16,October,South,Keyboard,Accessories,Neha,19,500,9500
251,2024-02-24,February,South,Laptop,Electronics,Vikas,1,500,500
252,2024-01-22,January,South,Phone,Electronics,Amit,1,500,500
253,2024-01-24,January,North,Mouse,Accessories,Vikas,3,30000,90000
254,2024-02-03,February,West,Phone,Electronics,Riya,18,30000,540000
255,2024-02-27,February,North,Phone,Electronics,Amit,7,800,5600
256,2024-11-19,November,East,Mouse,Accessories,Karan,3,30000,90000
257,2024-11-26,November,South,Laptop,Electronics,Sneha,5,500,2500
258,2024-05-13,May,North,Tablet,Electronics,Vikas,11,5000,55000
259,2024-07-07,July,East,Tablet,Electronics,Karan,10,500,5000
260,2024-01-16,January,West,Tablet,Electronics,Amit,20,30000,600000
261,2024-06-26,June,West,Monitor,Accessories,Amit,17,500,8500
262,2024-02-16,February,East,Keyboard,Accessories,Neha,19,800,15200
263,2024-04-13,April,East,Monitor,Accessories,Amit,1,15000,15000
264,2024-02-18,February,West,Laptop,Electronics,Neha,12,5000,60000
265,2024-09-20,September,East,Monitor,Accessories,Neha,19,1200,22800
266,2024-04-28,April,West,Tablet,Electronics,Neha,7,30000,210000
267,2024-12-22,December,North,Laptop,Electronics,Vikas,3,5000,15000
268,2024-07-21,July,North,Tablet,Electronics,Priya,4,5000,20000
269,2024-04-15,April,East,Mouse,Accessories,Sneha,1,1200,1200
270,2024-03-28,March,West,Monitor,Accessories,Rahul,18,15000,270000
271,2024-10-31,October,North,Monitor,Accessories,Vikas,5,15000,75000
272,2024-03-20,March,West,Keyboard,Accessories,Vikas,11,15000,165000
273,2024-12-18,December,East,Phone,Electronics,Rahul,15,5000,75000
274,2024-11-25,November,South,Phone,Electronics,Rahul,11,5000,55000
275,2024-11-12,November,South,Tablet,Electronics,Neha,10,30000,300000
276,2024-09-24,September,East,Phone,Electronics,Neha,11,15000,165000
277,2024-05-12,May,North,Phone,Electronics,Neha,11,800,8800
278,2024-07-15,July,South,Mouse,Accessories,Neha,4,800,3200
279,2024-05-20,May,South,Tablet,Electronics,Riya,10,5000,50000
280,2024-04-15,April,West,Mouse,Accessories,Karan,4,1200,4800
281,2024-08-11,August,South,Laptop,Electronics,Sneha,1,5000,5000
282,2024-05-11,May,West,Monitor,Accessories,Amit,1,800,800
283,2024-12-24,December,West,Mouse,Accessories,Rahul,8,5000,40000
284,2024-12-13,December,South,Mouse,Accessories,Riya,19,800,15200
285,2024-05-13,May,North,Monitor,Accessories,Priya,14,1200,16800
286,2024-12-30,December,South,Phone,Electronics,Sneha,13,30000,390000
287,2024-01-11,January,West,Monitor,Accessories,Neha,16,5000,80000
288,2024-07-18,July,West,Mouse,Accessories,Riya,11,500,5500
289,2024-04-21,April,South,Laptop,Electronics,Rahul,9,15000,135000
290,2024-10-21,October,West,Keyboard,Accessories,Rahul,12,500,6000
291,2024-01-09,January,East,Mouse,Accessories,Vikas,16,15000,240000
292,2024-12-16,December,South,Monitor,Accessories,Priya,15,800,12000
293,2024-11-10,November,East,Keyboard,Accessories,Amit,4,30000,120000
294,2024-07-23,July,North,Tablet,Electronics,Amit,9,5000,45000
295,2024-11-17,November,East,Laptop,Electronics,Sneha,14,5000,70000
296,2024-07-24,July,South,Laptop,Electronics,Priya,8,1200,9600
297,2024-03-07,March,North,Monitor,Accessories,Rahul,7,800,5600
298,2024-04-25,April,South,Monitor,Accessories,Vikas,18,30000,540000
299,2024-05-30,May,South,Mouse,Accessories,Karan,14,5000,70000
300,2024-12-26,December,West,Tablet,Electronics,Sneha,8,1200,9600
301,2024-01-02,January,East,Monitor,Accessories,Vikas,6,5000,30000
302,2024-09-02,September,West,Phone,Electronics,Priya,10,1200,12000
303,2024-07-04,July,South,Keyboard,Accessories,Sneha,3,30000,90000
304,2024-10-16,October,East,Monitor,Accessories,Neha,2,500,1000
305,2024-10-25,October,North,Keyboard,Accessories,Amit,12,30000,360000
306,2024-05-30,May,East,Phone,Electronics,Riya,3,30000,90000
307,2024-04-05,April,West,Keyboard,Accessories,Vikas,5,800,4000
308,2024-09-30,September,South,Phone,Electronics,Riya,7,5000,35000
309,2024-06-01,June,South,Mouse,Accessories,Karan,18,30000,540000
310,2024-02-10,February,West,Mouse,Accessories,Riya,7,15000,105000
311,2024-08-02,August,South,Keyboard,Accessories,Neha,4,1200,4800
312,2024-01-30,January,West,Monitor,Accessories,Karan,16,15000,240000
313,2024-09-12,September,South,Phone,Electronics,Amit,16,800,12800
314,2024-12-22,December,West,Phone,Electronics,Sneha,11,5000,55000
315,2024-08-02,August,North,Monitor,Accessories,Neha,12,5000,60000
316,2024-11-27,November,North,Mouse,Accessories,Amit,12,30000,360000
317,2024-06-18,June,North,Keyboard,Accessories,Karan,2,30000,60000
318,2024-04-19,April,West,Monitor,Accessories,Neha,5,500,2500
319,2024-07-06,July,East,Tablet,Electronics,Karan,4,30000,120000
320,2024-05-25,May,West,Keyboard,Accessories,Vikas,18,800,14400
321,2024-01-27,January,East,Monitor,Accessories,Sneha,9,15000,135000
322,2024-06-19,June,East,Tablet,Electronics,Vikas,16,5000,80000
323,2024-06-18,June,South,Phone,Electronics,Vikas,16,500,8000
324,2024-10-27,October,North,Mouse,Accessories,Amit,10,800,8000
325,2024-10-06,October,North,Monitor,Accessories,Priya,18,5000,90000
326,2024-01-24,January,South,Tablet,Electronics,Karan,4,500,2000
327,2024-10-05,October,West,Keyboard,Accessories,Neha,2,15000,30000
328,2024-02-12,February,South,Mouse,Accessories,Amit,20,30000,600000
329,2024-03-30,March,North,Mouse,Accessories,Neha,15,30000,450000
330,2024-12-01,December,North,Laptop,Electronics,Vikas,14,500,7000
331,2024-12-29,December,East,Phone,Electronics,Sneha,10,15000,150000
332,2024-06-12,June,North,Phone,Electronics,Priya,14,500,7000
333,2024-09-11,September,North,Keyboard,Accessories,Riya,19,500,9500
334,2024-07-26,July,West,Monitor,Accessories,Riya,19,30000,570000
335,2024-10-30,October,South,Laptop,Electronics,Karan,13,15000,195000
336,2024-02-12,February,West,Monitor,Accessories,Rahul,18,500,9000
337,2024-01-03,January,North,Phone,Electronics,Riya,1,5000,5000
338,2024-03-07,March,West,Laptop,Electronics,Amit,7,500,3500
339,2024-08-18,August,South,Tablet,Electronics,Amit,19,800,15200
340,2024-02-13,February,East,Tablet,Electronics,Karan,5,30000,150000
341,2024-01-17,January,North,Monitor,Accessories,Amit,9,500,4500
342,2024-07-18,July,East,Laptop,Electronics,Sneha,20,500,10000
343,2024-09-06,September,North,Mouse,Accessories,Vikas,20,800,16000
344,2024-08-12,August,West,Tablet,Electronics,Neha,19,30000,570000
345,2024-11-26,November,South,Phone,Electronics,Priya,4,1200,4800
346,2024-05-19,May,East,Monitor,Accessories,Sneha,13,5000,65000
347,2024-11-29,November,East,Tablet,Electronics,Amit,2,15000,30000
348,2024-10-26,October,West,Phone,Electronics,Rahul,20,1200,24000
349,2024-07-11,July,South,Monitor,Accessories,Karan,13,30000,390000
350,2024-05-14,May,East,Tablet,Electronics,Priya,1,1200,1200
351,2024-05-27,May,South,Phone,Electronics,Neha,19,500,9500
352,2024-09-12,September,East,Tablet,Electronics,Riya,18,30000,540000
353,2024-07-14,July,South,Keyboard,Accessories,Rahul,18,5000,90000
354,2024-12-12,December,West,Tablet,Electronics,Karan,20,500,10000
355,2024-10-27,October,North,Mouse,Accessories,Priya,7,1200,8400
356,2024-10-01,October,East,Monitor,Accessories,Riya,18,500,9000
357,2024-09-23,September,East,Phone,Electronics,Vikas,13,15000,195000
358,2024-04-13,April,South,Monitor,Accessories,Rahul,17,15000,255000
359,2024-12-24,December,East,Phone,Electronics,Vikas,3,800,2400
360,2024-07-25,July,South,Keyboard,Accessories,Rahul,19,1200,22800
361,2024-02-24,February,East,Laptop,Electronics,Karan,16,1200,19200
362,2024-11-01,November,North,Laptop,Electronics,Vikas,5,1200,6000
363,2024-01-11,January,North,Tablet,Electronics,Amit,17,15000,255000
364,2024-10-27,October,South,Phone,Electronics,Sneha,19,5000,95000
365,2024-08-16,August,South,Tablet,Electronics,Sneha,14,500,7000
366,2024-04-02,April,West,Laptop,Electronics,Riya,11,800,8800
367,2024-10-12,October,East,Laptop,Electronics,Karan,2,500,1000
368,2024-11-23,November,West,Monitor,Accessories,Riya,3,15000,45000
369,2024-06-12,June,South,Mouse,Accessories,Riya,3,1200,3600
370,2024-04-03,April,West,Mouse,Accessories,Neha,17,5000,85000
371,2024-04-23,April,South,Tablet,Electronics,Amit,8,30000,240000
372,2024-10-10,October,North,Tablet,Electronics,Amit,12,500,6000
373,2024-11-27,November,West,Tablet,Electronics,Amit,17,30000,510000
374,2024-01-03,January,South,Laptop,Electronics,Sneha,5,1200,6000
375,2024-11-30,November,North,Keyboard,Accessories,Karan,19,5000,95000
376,2024-07-18,July,North,Tablet,Electronics,Vikas,12,1200,14400
377,2024-08-13,August,South,Monitor,Accessories,Neha,13,800,10400
378,2024-04-09,April,North,Mouse,Accessories,Neha,1,5000,5000
379,2024-07-10,July,South,Phone,Electronics,Karan,3,15000,45000
380,2024-11-17,November,North,Laptop,Electronics,Karan,13,500,6500
381,2024-09-01,September,North,Tablet,Electronics,Vikas,11,800,8800
382,2024-01-30,January,South,Phone,Electronics,Karan,11,800,8800
383,2024-03-17,March,East,Keyboard,Accessories,Priya,5,5000,25000
384,2024-01-14,January,East,Monitor,Accessories,Sneha,8,800,6400
385,2024-09-08,September,North,Tablet,Electronics,Vikas,6,1200,7200
386,2024-03-19,March,North,Monitor,Accessories,Rahul,16,500,8000
387,2024-03-02,March,East,Keyboard,Accessories,Rahul,16,1200,19200
388,2024-05-02,May,South,Tablet,Electronics,Riya,14,1200,16800
389,2024-03-24,March,North,Monitor,Accessories,Sneha,10,5000,50000
390,2024-09-16,September,East,Phone,Electronics,Neha,1,5000,5000
391,2024-05-26,May,South,Monitor,Accessories,Vikas,1,15000,15000
392,2024-04-21,April,East,Monitor,Accessories,Neha,2,5000,10000
393,2024-04-27,April,South,Phone,Electronics,Rahul,6,15000,90000
394,2024-11-07,November,West,Keyboard,Accessories,Sneha,3,500,1500
395,2024-11-09,November,South,Phone,Electronics,Sneha,7,800,5600
396,2024-12-20,December,West,Phone,Electronics,Amit,1,500,500
397,2024-05-24,May,West,Keyboard,Accessories,Riya,12,1200,14400
398,2024-03-09,March,East,Laptop,Electronics,Rahul,14,5000,70000
399,2024-01-19,January,South,Phone,Electronics,Vikas,19,1200,22800
400,2024-07-01,July,West,Keyboard,Accessories,Riya,20,500,10000
401,2024-05-05,May,East,Laptop,Electronics,Priya,12,30000,360000
402,2024-02-25,February,West,Keyboard,Accessories,Karan,2,1200,2400
403,2024-10-02,October,South,Keyboard,Accessories,Amit,1,15000,15000
404,2024-11-12,November,South,Phone,Electronics,Neha,3,800,2400
405,2024-10-11,October,North,Laptop,Electronics,Amit,10,1200,12000
406,2024-01-10,January,West,Laptop,Electronics,Rahul,7,1200,8400
407,2024-06-28,June,North,Mouse,Accessories,Neha,15,500,7500
408,2024-08-26,August,West,Laptop,Electronics,Sneha,9,500,4500
409,2024-07-26,July,South,Laptop,Electronics,Rahul,4,500,2000
410,2024-10-20,October,West,Phone,Electronics,Priya,5,30000,150000
411,2024-07-18,July,West,Phone,Electronics,Amit,1,30000,30000
412,2024-06-22,June,West,Monitor,Accessories,Rahul,2,1200,2400
413,2024-06-13,June,West,Tablet,Electronics,Amit,14,15000,210000
414,2024-12-14,December,East,Tablet,Electronics,Rahul,17,800,13600
415,2024-02-25,February,South,Monitor,Accessories,Riya,1,1200,1200
416,2024-09-15,September,North,Tablet,Electronics,Rahul,14,800,11200
417,2024-08-20,August,North,Phone,Electronics,Amit,14,5000,70000
418,2024-12-13,December,East,Laptop,Electronics,Amit,20,1200,24000
419,2024-03-03,March,North,Keyboard,Accessories,Priya,4,1200,4800
420,2024-02-27,February,East,Phone,Electronics,Vikas,2,1200,2400
421,2024-01-31,January,East,Mouse,Accessories,Riya,6,500,3000
422,2024-03-16,March,West,Monitor,Accessories,Riya,19,15000,285000
423,2024-07-27,July,East,Keyboard,Accessories,Sneha,5,1200,6000
424,2024-10-06,October,East,Phone,Electronics,Karan,3,30000,90000
425,2024-11-28,November,West,Keyboard,Accessories,Rahul,19,800,15200
426,2024-10-07,October,East,Keyboard,Accessories,Karan,12,5000,60000
427,2024-05-04,May,East,Monitor,Accessories,Rahul,10,500,5000
428,2024-07-15,July,West,Phone,Electronics,Amit,17,15000,255000
429,2024-06-14,June,East,Tablet,Electronics,Karan,6,800,4800
430,2024-05-31,May,North,Tablet,Electronics,Amit,10,800,8000
431,2024-11-06,November,East,Phone,Electronics,Karan,18,500,9000
432,2024-07-17,July,West,Mouse,Accessories,Vikas,2,15000,30000
433,2024-04-25,April,South,Mouse,Accessories,Priya,4,15000,60000
434,2024-12-11,December,South,Tablet,Electronics,Sneha,12,800,9600
435,2024-08-31,August,East,Keyboard,Accessories,Neha,4,30000,120000
436,2024-07-29,July,North,Monitor,Accessories,Karan,4,500,2000
437,2024-08-01,August,East,Monitor,Accessories,Riya,19,800,15200
438,2024-08-22,August,East,Monitor,Accessories,Vikas,15,30000,450000
439,2024-09-26,September,West,Tablet,Electronics,Vikas,12,5000,60000
440,2024-08-15,August,East,Laptop,Electronics,Neha,16,5000,80000
441,2024-08-11,August,West,Keyboard,Accessories,Rahul,10,800,8000
442,2024-11-07,November,South,Laptop,Electronics,Vikas,11,1200,13200
443,2024-01-14,January,North,Phone,Electronics,Sneha,14,500,7000
444,2024-10-01,October,East,Keyboard,Accessories,Priya,16,1200,19200
445,2024-12-16,December,West,Keyboard,Accessories,Priya,17,30000,510000
446,2024-10-31,October,East,Monitor,Accessories,Karan,12,500,6000
447,2024-04-27,April,North,Laptop,Electronics,Priya,3,15000,45000
448,2024-11-28,November,South,Tablet,Electronics,Rahul,17,5000,85000
449,2024-08-13,August,East,Monitor,Accessories,Riya,16,5000,80000
450,2024-07-06,July,North,Phone,Electronics,Sneha,12,1200,14400
451,2024-12-01,December,East,Keyboard,Accessories,Vikas,6,500,3000
452,2024-03-21,March,East,Keyboard,Accessories,Rahul,14,30000,420000
453,2024-04-03,April,North,Keyboard,Accessories,Riya,7,5000,35000
454,2024-11-21,November,North,Tablet,Electronics,Priya,19,30000,570000
455,2024-12-29,December,North,Laptop,Electronics,Sneha,1,1200,1200
456,2024-01-08,January,North,Monitor,Accessories,Rahul,4,15000,60000
457,2024-10-17,October,East,Phone,Electronics,Neha,16,15000,240000
458,2024-11-04,November,North,Keyboard,Accessories,Neha,7,5000,35000
459,2024-02-24,February,North,Phone,Electronics,Riya,17,15000,255000
460,2024-09-08,September,West,Laptop,Electronics,Priya,6,15000,90000
461,2024-10-23,October,East,Laptop,Electronics,Neha,1,30000,30000
462,2024-05-21,May,South,Mouse,Accessories,Amit,8,1200,9600
463,2024-02-02,February,East,Tablet,Electronics,Rahul,4,15000,60000
464,2024-01-11,January,North,Monitor,Accessories,Rahul,20,5000,100000
465,2024-08-13,August,North,Monitor,Accessories,Rahul,19,500,9500
466,2024-03-22,March,South,Phone,Electronics,Vikas,8,500,4000
467,2024-08-02,August,East,Laptop,Electronics,Karan,15,1200,18000
468,2024-07-18,July,South,Laptop,Electronics,Priya,8,30000,240000
469,2024-09-05,September,North,Tablet,Electronics,Rahul,13,30000,390000
470,2024-07-02,July,West,Laptop,Electronics,Neha,6,800,4800
471,2024-10-14,October,East,Laptop,Electronics,Riya,10,5000,50000
472,2024-06-20,June,West,Tablet,Electronics,Riya,18,5000,90000
473,2024-10-10,October,South,Laptop,Electronics,Priya,14,1200,16800
474,2024-06-25,June,South,Phone,Electronics,Priya,15,1200,18000
475,2024-01-13,January,East,Laptop,Electronics,Neha,9,30000,270000
476,2024-04-10,April,East,Phone,Electronics,Neha,5,500,2500
477,2024-05-02,May,South,Keyboard,Accessories,Vikas,15,5000,75000
478,2024-07-26,July,West,Tablet,Electronics,Rahul,7,30000,210000
479,2024-04-14,April,South,Tablet,Electronics,Karan,16,15000,240000
480,2024-05-13,May,West,Mouse,Accessories,Vikas,5,30000,150000
481,2024-11-07,November,South,Keyboard,Accessories,Neha,8,5000,40000
482,2024-10-04,October,East,Laptop,Electronics,Priya,17,500,8500
483,2024-06-08,June,North,Laptop,Electronics,Priya,19,800,15200
484,2024-03-31,March,South,Mouse,Accessories,Vikas,3,30000,90000
485,2024-10-14,October,East,Phone,Electronics,Sneha,4,500,2000
486,2024-06-08,June,North,Phone,Electronics,Rahul,3,30000,90000
487,2024-07-23,July,East,Tablet,Electronics,Vikas,5,30000,150000
488,2024-11-17,November,South,Monitor,Accessories,Sneha,15,30000,450000
489,2024-12-13,December,East,Phone,Electronics,Priya,1,1200,1200
490,2024-07-24,July,East,Laptop,Electronics,Riya,15,800,12000
491,2024-05-18,May,South,Phone,Electronics,Amit,10,500,5000
492,2024-03-23,March,West,Monitor,Accessories,Rahul,2,15000,30000
493,2024-01-21,January,East,Tablet,Electronics,Neha,5,5000,25000
494,2024-09-11,September,East,Keyboard,Accessories,Priya,8,15000,120000
495,2024-01-01,January,North,Mouse,Accessories,Sneha,19,1200,22800
496,2024-12-22,December,North,Laptop,Electronics,Rahul,19,15000,285000
497,2024-06-12,June,South,Mouse,Accessories,Vikas,4,500,2000
498,2024-12-21,December,West,Mouse,Accessories,Rahul,3,5000,15000
499,2024-06-27,June,West,Tablet,Electronics,Karan,17,500,8500
500,2024-12-18,December,West,Tablet,Electronics,Amit,17,30000,510000
501,2024-12-10,December,South,Mouse,Accessories,Karan,7,5000,35000
502,2024-10-13,October,East,Phone,Electronics,Neha,2,30000,60000
503,2024-04-30,April,East,Keyboard,Accessories,Rahul,6,30000,180000
504,2024-06-26,June,West,Laptop,Electronics,Riya,6,1200,7200
505,2024-03-10,March,West,Phone,Electronics,Karan,10,800,8000
506,2024-09-20,September,West,Phone,Electronics,Neha,8,500,4000
507,2024-06-02,June,South,Mouse,Accessories,Neha,12,30000,360000
508,2024-06-19,June,North,Keyboard,Accessories,Priya,19,800,15200
509,2024-08-24,August,West,Phone,Electronics,Rahul,5,15000,75000
510,2024-07-03,July,West,Laptop,Electronics,Rahul,10,500,5000
511,2024-06-04,June,South,Laptop,Electronics,Riya,2,1200,2400
512,2024-02-27,February,South,Mouse,Accessories,Vikas,10,5000,50000
513,2024-07-04,July,East,Monitor,Accessories,Neha,15,15000,225000
514,2024-01-06,January,West,Keyboard,Accessories,Karan,3,500,1500
515,2024-10-15,October,East,Laptop,Electronics,Riya,11,30000,330000
516,2024-09-07,September,South,Mouse,Accessories,Vikas,16,5000,80000
517,2024-11-25,November,East,Laptop,Electronics,Sneha,12,500,6000
518,2024-03-11,March,North,Mouse,Accessories,Amit,8,500,4000
519,2024-07-07,July,South,Monitor,Accessories,Neha,5,1200,6000
520,2024-11-11,November,East,Laptop,Electronics,Priya,10,30000,300000
521,2024-04-27,April,East,Phone,Electronics,Neha,12,1200,14400
522,2024-05-02,May,North,Keyboard,Accessories,Amit,12,1200,14400
523,2024-12-27,December,West,Laptop,Electronics,Amit,19,30000,570000
524,2024-09-12,September,South,Phone,Electronics,Sneha,16,5000,80000
525,2024-02-11,February,South,Keyboard,Accessories,Rahul,19,30000,570000
526,2024-11-22,November,West,Phone,Electronics,Riya,5,5000,25000
527,2024-04-07,April,South,Laptop,Electronics,Vikas,15,5000,75000
528,2024-09-18,September,West,Laptop,Electronics,Neha,2,15000,30000
529,2024-01-29,January,West,Tablet,Electronics,Vikas,3,30000,90000
530,2024-12-07,December,South,Laptop,Electronics,Neha,15,500,7500
531,2024-08-14,August,East,Monitor,Accessories,Rahul,10,500,5000
532,2024-06-14,June,West,Monitor,Accessories,Priya,3,15000,45000
533,2024-11-07,November,North,Keyboard,Accessories,Amit,5,5000,25000
534,2024-12-03,December,East,Mouse,Accessories,Priya,11,15000,165000
535,2024-11-27,November,South,Tablet,Electronics,Sneha,16,30000,480000
536,2024-01-15,January,South,Tablet,Electronics,Rahul,17,30000,510000
537,2024-02-13,February,South,Mouse,Accessories,Vikas,15,30000,450000
538,2024-07-03,July,South,Keyboard,Accessories,Karan,19,5000,95000
539,2024-04-26,April,South,Monitor,Accessories,Rahul,9,500,4500
540,2024-05-09,May,North,Keyboard,Accessories,Rahul,4,800,3200
541,2024-09-07,September,South,Keyboard,Accessories,Karan,9,30000,270000
542,2024-12-22,December,North,Phone,Electronics,Riya,18,15000,270000
543,2024-03-09,March,North,Monitor,Accessories,Riya,3,5000,15000
544,2024-03-28,March,South,Monitor,Accessories,Karan,13,15000,195000
545,2024-11-12,November,North,Laptop,Electronics,Priya,5,1200,6000
546,2024-01-22,January,North,Phone,Electronics,Rahul,2,1200,2400
547,2024-12-28,December,South,Monitor,Accessories,Priya,10,500,5000
548,2024-10-15,October,North,Laptop,Electronics,Vikas,20,800,16000
549,2024-06-23,June,North,Phone,Electronics,Sneha,12,30000,360000
550,2024-09-19,September,East,Laptop,Electronics,Karan,8,1200,9600
551,2024-02-21,February,East,Laptop,Electronics,Vikas,20,1200,24000
552,2024-12-11,December,South,Keyboard,Accessories,Sneha,4,500,2000
553,2024-08-16,August,North,Tablet,Electronics,Karan,7,30000,210000
554,2024-02-26,February,North,Laptop,Electronics,Sneha,1,5000,5000
555,2024-05-28,May,West,Phone,Electronics,Neha,5,15000,75000
556,2024-12-19,December,East,Keyboard,Accessories,Karan,9,15000,135000
557,2024-03-18,March,West,Laptop,Electronics,Karan,1,1200,1200
558,2024-04-03,April,West,Laptop,Electronics,Karan,2,500,1000
559,2024-04-27,April,North,Phone,Electronics,Vikas,15,5000,75000
560,2024-06-08,June,South,Tablet,Electronics,Amit,17,800,13600
561,2024-08-27,August,East,Phone,Electronics,Karan,6,1200,7200
562,2024-01-04,January,East,Monitor,Accessories,Karan,12,1200,14400
563,2024-05-07,May,West,Tablet,Electronics,Amit,8,500,4000
564,2024-12-09,December,South,Mouse,Accessories,Sneha,5,30000,150000
565,2024-09-13,September,East,Monitor,Accessories,Vikas,9,500,4500
566,2024-10-26,October,South,Keyboard,Accessories,Amit,19,15000,285000
567,2024-08-06,August,North,Keyboard,Accessories,Vikas,4,800,3200
568,2024-12-14,December,North,Tablet,Electronics,Sneha,8,800,6400
569,2024-11-21,November,South,Tablet,Electronics,Vikas,12,15000,180000
570,2024-01-31,January,East,Keyboard,Accessories,Vikas,13,1200,15600
571,2024-05-04,May,South,Monitor,Accessories,Vikas,17,1200,20400
572,2024-01-04,January,West,Phone,Electronics,Priya,5,800,4000
573,2024-06-03,June,South,Monitor,Accessories,Riya,13,15000,195000
574,2024-06-06,June,East,Phone,Electronics,Vikas,10,30000,300000
575,2024-02-10,February,South,Laptop,Electronics,Sneha,7,15000,105000
576,2024-07-01,July,West,Keyboard,Accessories,Riya,12,5000,60000
577,2024-05-21,May,East,Monitor,Accessories,Amit,11,800,8800
578,2024-12-26,December,North,Phone,Electronics,Rahul,9,800,7200
579,2024-04-12,April,East,Laptop,Electronics,Riya,13,5000,65000
580,2024-01-30,January,South,Phone,Electronics,Amit,8,30000,240000
581,2024-06-23,June,South,Laptop,Electronics,Amit,3,15000,45000
582,2024-11-24,November,North,Phone,Electronics,Vikas,9,15000,135000
583,2024-06-16,June,North,Laptop,Electronics,Karan,7,1200,8400
584,2024-06-21,June,South,Monitor,Accessories,Amit,20,30000,600000
585,2024-11-16,November,East,Monitor,Accessories,Karan,2,500,1000
586,2024-08-25,August,North,Keyboard,Accessories,Amit,13,1200,15600
587,2024-06-09,June,North,Tablet,Electronics,Priya,19,30000,570000
588,2024-02-17,February,North,Keyboard,Accessories,Neha,11,800,8800
589,2024-02-16,February,East,Phone,Electronics,Vikas,5,15000,75000
590,2024-12-14,December,South,Monitor,Accessories,Vikas,12,15000,180000
591,2024-12-30,December,West,Phone,Electronics,Amit,20,1200,24000
592,2024-10-08,October,West,Mouse,Accessories,Sneha,10,30000,300000
593,2024-05-20,May,South,Tablet,Electronics,Sneha,17,15000,255000
594,2024-02-21,February,East,Laptop,Electronics,Neha,18,5000,90000
595,2024-02-16,February,North,Mouse,Accessories,Neha,8,5000,40000
596,2024-09-13,September,South,Laptop,Electronics,Neha,2,15000,30000
597,2024-03-17,March,South,Tablet,Electronics,Neha,20,1200,24000
598,2024-12-29,December,South,Keyboard,Accessories,Karan,1,1200,1200
599,2024-06-25,June,West,Monitor,Accessories,Karan,7,30000,210000
600,2024-02-25,February,North,Phone,Electronics,Riya,11,500,5500
601,2024-06-28,June,North,Mouse,Accessories,Rahul,13,30000,390000
602,2024-07-11,July,South,Keyboard,Accessories,Amit,13,5000,65000
603,2024-12-29,December,West,Tablet,Electronics,Rahul,1,1200,1200
604,2024-06-15,June,West,Phone,Electronics,Sneha,12,800,9600
605,2024-10-18,October,South,Tablet,Electronics,Karan,16,800,12800
606,2024-05-24,May,North,Tablet,Electronics,Vikas,5,1200,6000
607,2024-03-23,March,East,Laptop,Electronics,Karan,16,800,12800
608,2024-04-17,April,East,Phone,Electronics,Amit,19,500,9500
609,2024-03-12,March,East,Monitor,Accessories,Amit,6,5000,30000
610,2024-03-09,March,East,Laptop,Electronics,Neha,5,500,2500
611,2024-03-27,March,West,Keyboard,Accessories,Priya,12,500,6000
612,2024-11-24,November,West,Laptop,Electronics,Vikas,14,1200,16800
613,2024-04-13,April,North,Laptop,Electronics,Amit,19,800,15200
614,2024-04-28,April,West,Phone,Electronics,Riya,17,15000,255000
615,2024-06-11,June,North,Mouse,Accessories,Riya,1,500,500
616,2024-09-26,September,West,Laptop,Electronics,Amit,16,800,12800
617,2024-10-03,October,South,Phone,Electronics,Riya,8,30000,240000
618,2024-02-09,February,East,Keyboard,Accessories,Rahul,12,5000,60000
619,2024-12-26,December,South,Phone,Electronics,Amit,3,1200,3600
620,2024-01-23,January,South,Tablet,Electronics,Amit,9,500,4500
621,2024-05-16,May,North,Monitor,Accessories,Vikas,18,1200,21600
622,2024-08-20,August,East,Mouse,Accessories,Vikas,2,30000,60000
623,2024-05-17,May,West,Mouse,Accessories,Priya,14,30000,420000
624,2024-07-15,July,South,Tablet,Electronics,Priya,18,5000,90000
625,2024-11-21,November,North,Monitor,Accessories,Rahul,14,800,11200
626,2024-12-21,December,West,Keyboard,Accessories,Rahul,17,1200,20400
627,2024-11-13,November,North,Phone,Electronics,Amit,4,500,2000
628,2024-12-16,December,West,Monitor,Accessories,Vikas,18,1200,21600
629,2024-08-30,August,West,Monitor,Accessories,Vikas,19,500,9500
630,2024-04-30,April,West,Keyboard,Accessories,Vikas,18,5000,90000
631,2024-09-26,September,East,Mouse,Accessories,Vikas,3,5000,15000
632,2024-04-24,April,East,Laptop,Electronics,Sneha,18,30000,540000
633,2024-10-28,October,West,Monitor,Accessories,Rahul,12,15000,180000
634,2024-07-05,July,South,Phone,Electronics,Neha,3,15000,45000
635,2024-03-29,March,South,Tablet,Electronics,Karan,8,30000,240000
636,2024-07-14,July,East,Phone,Electronics,Priya,2,1200,2400
637,2024-12-25,December,East,Laptop,Electronics,Priya,14,800,11200
638,2024-12-05,December,East,Laptop,Electronics,Karan,12,1200,14400
639,2024-07-21,July,East,Mouse,Accessories,Karan,3,1200,3600
640,2024-11-20,November,West,Mouse,Accessories,Neha,4,5000,20000
641,2024-12-14,December,South,Keyboard,Accessories,Vikas,5,500,2500
642,2024-05-01,May,East,Monitor,Accessories,Vikas,17,30000,510000
643,2024-10-11,October,South,Monitor,Accessories,Amit,9,500,4500
644,2024-10-29,October,South,Keyboard,Accessories,Sneha,9,500,4500
645,2024-06-14,June,East,Mouse,Accessories,Rahul,18,1200,21600
646,2024-09-25,September,West,Tablet,Electronics,Riya,15,500,7500
647,2024-05-28,May,East,Phone,Electronics,Amit,5,5000,25000
648,2024-07-06,July,North,Mouse,Accessories,Sneha,15,5000,75000
649,2024-11-07,November,East,Monitor,Accessories,Vikas,14,30000,420000
650,2024-03-07,March,South,Phone,Electronics,Vikas,13,15000,195000
651,2024-02-06,February,North,Laptop,Electronics,Karan,7,1200,8400
652,2024-07-31,July,West,Monitor,Accessories,Amit,13,15000,195000
653,2024-08-24,August,West,Laptop,Electronics,Priya,19,15000,285000
654,2024-02-03,February,West,Monitor,Accessories,Priya,16,800,12800
655,2024-01-05,January,South,Monitor,Accessories,Rahul,5,15000,75000
656,2024-12-14,December,East,Monitor,Accessories,Vikas,18,500,9000
657,2024-02-16,February,South,Monitor,Accessories,Riya,15,500,7500
658,2024-09-11,September,North,Keyboard,Accessories,Rahul,1,500,500
659,2024-12-14,December,South,Keyboard,Accessories,Vikas,15,500,7500
660,2024-12-19,December,West,Monitor,Accessories,Neha,2,15000,30000
661,2024-03-15,March,East,Monitor,Accessories,Vikas,2,30000,60000
662,2024-04-05,April,East,Phone,Electronics,Sneha,17,500,8500
663,2024-05-10,May,East,Laptop,Electronics,Priya,11,5000,55000
664,2024-01-27,January,East,Keyboard,Accessories,Sneha,14,30000,420000
665,2024-10-03,October,East,Phone,Electronics,Sneha,13,5000,65000
666,2024-04-16,April,East,Phone,Electronics,Karan,5,500,2500
667,2024-10-25,October,South,Mouse,Accessories,Vikas,16,30000,480000
668,2024-12-27,December,North,Tablet,Electronics,Vikas,7,5000,35000
669,2024-07-28,July,East,Laptop,Electronics,Amit,18,500,9000
670,2024-05-29,May,South,Tablet,Electronics,Rahul,8,5000,40000
671,2024-07-26,July,West,Keyboard,Accessories,Rahul,20,5000,100000
672,2024-08-10,August,North,Phone,Electronics,Amit,2,800,1600
673,2024-09-11,September,South,Phone,Electronics,Amit,3,15000,45000
674,2024-03-25,March,West,Mouse,Accessories,Rahul,18,30000,540000
675,2024-09-30,September,South,Mouse,Accessories,Neha,10,800,8000
676,2024-02-21,February,West,Mouse,Accessories,Riya,7,15000,105000
677,2024-07-31,July,South,Phone,Electronics,Sneha,3,500,1500
678,2024-08-05,August,South,Mouse,Accessories,Amit,15,30000,450000
679,2024-03-22,March,West,Mouse,Accessories,Sneha,5,500,2500
680,2024-12-27,December,South,Phone,Electronics,Sneha,19,1200,22800
681,2024-04-19,April,South,Tablet,Electronics,Rahul,11,15000,165000
682,2024-07-13,July,South,Monitor,Accessories,Sneha,2,1200,2400
683,2024-02-17,February,South,Phone,Electronics,Karan,18,30000,540000
684,2024-06-19,June,West,Phone,Electronics,Riya,6,5000,30000
685,2024-12-02,December,South,Laptop,Electronics,Riya,12,500,6000
686,2024-01-10,January,West,Tablet,Electronics,Riya,16,1200,19200
687,2024-06-04,June,North,Phone,Electronics,Rahul,16,1200,19200
688,2024-04-26,April,East,Phone,Electronics,Amit,16,1200,19200
689,2024-01-01,January,East,Keyboard,Accessories,Rahul,20,500,10000
690,2024-03-29,March,East,Phone,Electronics,Vikas,10,500,5000
691,2024-06-17,June,East,Monitor,Accessories,Neha,16,800,12800
692,2024-10-13,October,West,Laptop,Electronics,Riya,10,500,5000
693,2024-03-23,March,West,Mouse,Accessories,Karan,18,500,9000
694,2024-09-19,September,North,Laptop,Electronics,Priya,2,500,1000
695,2024-10-22,October,East,Mouse,Accessories,Riya,5,5000,25000
696,2024-03-27,March,North,Tablet,Electronics,Vikas,6,1200,7200
697,2024-03-17,March,East,Laptop,Electronics,Riya,16,1200,19200
698,2024-03-19,March,West,Laptop,Electronics,Sneha,8,500,4000
699,2024-06-15,June,West,Keyboard,Accessories,Rahul,18,500,9000
700,2024-01-22,January,East,Phone,Electronics,Vikas,19,15000,285000
701,2024-10-11,October,South,Phone,Electronics,Neha,10,5000,50000
702,2024-05-02,May,North,Phone,Electronics,Amit,18,15000,270000
703,2024-12-25,December,South,Laptop,Electronics,Rahul,2,5000,10000
704,2024-05-15,May,North,Laptop,Electronics,Priya,6,800,4800
705,2024-02-26,February,East,Monitor,Accessories,Riya,20,15000,300000
706,2024-04-29,April,South,Laptop,Electronics,Amit,19,800,15200
707,2024-06-21,June,North,Phone,Electronics,Amit,3,15000,45000
708,2024-03-30,March,East,Phone,Electronics,Vikas,20,30000,600000
709,2024-04-03,April,North,Laptop,Electronics,Vikas,15,15000,225000
710,2024-02-15,February,South,Monitor,Accessories,Neha,14,500,7000
711,2024-03-26,March,South,Mouse,Accessories,Vikas,17,30000,510000
712,2024-04-22,April,East,Phone,Electronics,Riya,7,800,5600
713,2024-09-11,September,East,Laptop,Electronics,Riya,16,500,8000
714,2024-11-16,November,North,Keyboard,Accessories,Vikas,3,800,2400
715,2024-06-27,June,South,Monitor,Accessories,Karan,3,30000,90000
716,2024-05-12,May,East,Mouse,Accessories,Amit,16,800,12800
717,2024-10-29,October,South,Mouse,Accessories,Priya,15,30000,450000
718,2024-10-30,October,North,Monitor,Accessories,Riya,17,1200,20400
719,2024-04-11,April,West,Tablet,Electronics,Rahul,8,800,6400
720,2024-12-29,December,North,Monitor,Accessories,Priya,19,30000,570000
721,2024-12-15,December,East,Mouse,Accessories,Priya,13,30000,390000
722,2024-11-30,November,East,Monitor,Accessories,Priya,3,800,2400
723,2024-09-07,September,North,Tablet,Electronics,Riya,1,1200,1200
724,2024-11-05,November,East,Monitor,Accessories,Karan,14,5000,70000
725,2024-04-19,April,North,Phone,Electronics,Vikas,11,15000,165000
726,2024-01-17,January,East,Monitor,Accessories,Vikas,15,15000,225000
727,2024-12-25,December,West,Laptop,Electronics,Priya,9,800,7200
728,2024-03-02,March,South,Mouse,Accessories,Amit,18,800,14400
729,2024-05-18,May,East,Monitor,Accessories,Neha,6,5000,30000
730,2024-06-28,June,West,Tablet,Electronics,Sneha,6,800,4800
731,2024-11-06,November,South,Monitor,Accessories,Neha,11,15000,165000
732,2024-01-01,January,South,Monitor,Accessories,Riya,17,500,8500
733,2024-12-02,December,East,Phone,Electronics,Vikas,15,15000,225000
734,2024-09-20,September,West,Mouse,Accessories,Neha,4,15000,60000
735,2024-09-20,September,East,Tablet,Electronics,Karan,14,500,7000
736,2024-06-05,June,West,Tablet,Electronics,Amit,10,1200,12000
737,2024-07-05,July,North,Mouse,Accessories,Amit,16,5000,80000
738,2024-07-12,July,West,Mouse,Accessories,Sneha,4,15000,60000
739,2024-11-06,November,West,Keyboard,Accessories,Amit,5,30000,150000
740,2024-01-04,January,East,Tablet,Electronics,Neha,16,800,12800
741,2024-09-17,September,North,Phone,Electronics,Priya,19,15000,285000
742,2024-05-23,May,South,Phone,Electronics,Sneha,19,30000,570000
743,2024-10-07,October,West,Keyboard,Accessories,Riya,1,5000,5000
744,2024-12-29,December,East,Mouse,Accessories,Sneha,13,5000,65000
745,2024-09-10,September,North,Tablet,Electronics,Vikas,6,15000,90000
746,2024-02-01,February,South,Phone,Electronics,Sneha,7,15000,105000
747,2024-12-14,December,East,Mouse,Accessories,Amit,17,800,13600
748,2024-07-03,July,South,Keyboard,Accessories,Sneha,10,5000,50000
749,2024-11-13,November,East,Tablet,Electronics,Karan,16,800,12800
750,2024-05-13,May,East,Monitor,Accessories,Priya,4,30000,120000
751,2024-05-16,May,North,Tablet,Electronics,Rahul,13,5000,65000
752,2024-07-28,July,South,Keyboard,Accessories,Vikas,15,15000,225000
753,2024-10-01,October,West,Laptop,Electronics,Priya,5,1200,6000
754,2024-07-04,July,West,Laptop,Electronics,Sneha,9,5000,45000
755,2024-08-18,August,North,Mouse,Accessories,Amit,4,1200,4800
756,2024-06-30,June,East,Keyboard,Accessories,Sneha,19,1200,22800
757,2024-02-19,February,West,Phone,Electronics,Riya,3,15000,45000
758,2024-03-31,March,North,Tablet,Electronics,Priya,6,30000,180000
759,2024-07-19,July,West,Monitor,Accessories,Vikas,11,5000,55000
760,2024-03-14,March,West,Tablet,Electronics,Sneha,6,30000,180000
761,2024-12-15,December,North,Phone,Electronics,Priya,7,1200,8400
762,2024-10-20,October,South,Laptop,Electronics,Priya,17,500,8500
763,2024-05-20,May,South,Monitor,Accessories,Neha,7,15000,105000
764,2024-03-04,March,East,Phone,Electronics,Amit,8,15000,120000
765,2024-03-08,March,West,Mouse,Accessories,Sneha,13,1200,15600
766,2024-11-05,November,East,Mouse,Accessories,Rahul,3,15000,45000
767,2024-07-03,July,North,Phone,Electronics,Vikas,10,500,5000
768,2024-03-03,March,East,Laptop,Electronics,Rahul,17,500,8500
769,2024-03-12,March,West,Laptop,Electronics,Sneha,15,30000,450000
770,2024-10-29,October,North,Keyboard,Accessories,Amit,2,5000,10000
771,2024-09-04,September,South,Keyboard,Accessories,Sneha,15,500,7500
772,2024-09-28,September,South,Mouse,Accessories,Rahul,11,1200,13200
773,2024-10-22,October,North,Keyboard,Accessories,Rahul,7,1200,8400
774,2024-05-17,May,West,Phone,Electronics,Vikas,1,15000,15000
775,2024-02-15,February,North,Laptop,Electronics,Priya,9,30000,270000
776,2024-07-28,July,South,Monitor,Accessories,Amit,17,15000,255000
777,2024-12-02,December,East,Tablet,Electronics,Riya,18,1200,21600
778,2024-03-09,March,West,Mouse,Accessories,Karan,16,15000,240000
779,2024-04-07,April,East,Mouse,Accessories,Rahul,20,5000,100000
780,2024-05-24,May,South,Laptop,Electronics,Riya,13,800,10400
781,2024-08-12,August,South,Mouse,Accessories,Rahul,17,500,8500
782,2024-12-25,December,East,Tablet,Electronics,Amit,7,15000,105000
783,2024-01-09,January,North,Mouse,Accessories,Vikas,20,30000,600000
784,2024-11-24,November,East,Phone,Electronics,Vikas,14,500,7000
785,2024-11-19,November,East,Mouse,Accessories,Vikas,6,15000,90000
786,2024-03-30,March,East,Tablet,Electronics,Priya,4,500,2000
787,2024-06-24,June,North,Laptop,Electronics,Neha,15,500,7500
788,2024-02-12,February,East,Tablet,Electronics,Vikas,16,5000,80000
789,2024-09-27,September,East,Monitor,Accessories,Priya,5,500,2500
790,2024-12-02,December,North,Phone,Electronics,Rahul,12,1200,14400
791,2024-08-11,August,West,Mouse,Accessories,Neha,9,15000,135000
792,2024-01-07,January,North,Monitor,Accessories,Rahul,5,800,4000
793,2024-07-13,July,North,Mouse,Accessories,Amit,19,15000,285000
794,2024-04-14,April,North,Laptop,Electronics,Vikas,15,500,7500
795,2024-08-24,August,West,Tablet,Electronics,Rahul,20,15000,300000
796,2024-06-30,June,West,Laptop,Electronics,Riya,8,800,6400
797,2024-04-12,April,West,Laptop,Electronics,Karan,19,800,15200
798,2024-12-16,December,West,Keyboard,Accessories,Riya,19,30000,570000
799,2024-03-27,March,West,Keyboard,Accessories,Rahul,2,5000,10000
800,2024-08-29,August,South,Mouse,Accessories,Riya,16,30000,480000
801,2024-02-02,February,South,Monitor,Accessories,Rahul,20,5000,100000
802,2024-04-24,April,North,Laptop,Electronics,Rahul,13,15000,195000
803,2024-01-20,January,West,Laptop,Electronics,Amit,7,500,3500
804,2024-12-10,December,North,Monitor,Accessories,Priya,8,800,6400
805,2024-08-27,August,North,Tablet,Electronics,Karan,2,800,1600
806,2024-03-14,March,South,Laptop,Electronics,Vikas,4,800,3200
807,2024-01-02,January,North,Laptop,Electronics,Amit,17,5000,85000
808,2024-10-14,October,North,Keyboard,Accessories,Amit,3,15000,45000
809,2024-05-28,May,West,Mouse,Accessories,Priya,18,15000,270000
810,2024-04-16,April,North,Mouse,Accessories,Neha,1,15000,15000
811,2024-03-03,March,South,Keyboard,Accessories,Priya,15,800,12000
812,2024-10-06,October,East,Laptop,Electronics,Riya,20,500,10000
813,2024-02-15,February,East,Laptop,Electronics,Sneha,8,500,4000
814,2024-03-16,March,West,Tablet,Electronics,Vikas,10,1200,12000
815,2024-02-08,February,North,Phone,Electronics,Riya,1,500,500
816,2024-09-23,September,West,Mouse,Accessories,Karan,20,800,16000
817,2024-11-28,November,South,Monitor,Accessories,Riya,20,15000,300000
818,2024-01-16,January,South,Laptop,Electronics,Priya,2,30000,60000
819,2024-05-30,May,West,Laptop,Electronics,Sneha,6,15000,90000
820,2024-06-02,June,East,Mouse,Accessories,Amit,5,1200,6000
821,2024-03-24,March,West,Tablet,Electronics,Neha,13,500,6500
822,2024-06-15,June,East,Mouse,Accessories,Rahul,16,15000,240000
823,2024-01-11,January,East,Laptop,Electronics,Rahul,14,15000,210000
824,2024-01-01,January,South,Keyboard,Accessories,Vikas,12,1200,14400
825,2024-02-23,February,North,Laptop,Electronics,Vikas,18,800,14400
826,2024-02-02,February,North,Monitor,Accessories,Karan,11,1200,13200
827,2024-01-28,January,South,Phone,Electronics,Priya,7,15000,105000
828,2024-04-18,April,South,Keyboard,Accessories,Sneha,3,30000,90000
829,2024-03-01,March,South,Laptop,Electronics,Karan,9,5000,45000
830,2024-05-25,May,West,Keyboard,Accessories,Rahul,6,30000,180000
831,2024-02-16,February,South,Tablet,Electronics,Sneha,9,500,4500
832,2024-12-01,December,North,Keyboard,Accessories,Riya,19,800,15200
833,2024-02-09,February,North,Mouse,Accessories,Riya,13,1200,15600
834,2024-07-04,July,North,Keyboard,Accessories,Neha,1,500,500
835,2024-09-09,September,East,Keyboard,Accessories,Karan,4,30000,120000
836,2024-06-04,June,West,Phone,Electronics,Priya,4,1200,4800
837,2024-02-18,February,West,Mouse,Accessories,Vikas,6,5000,30000
838,2024-07-17,July,South,Tablet,Electronics,Riya,7,500,3500
839,2024-06-20,June,East,Phone,Electronics,Amit,12,30000,360000
840,2024-03-21,March,East,Phone,Electronics,Sneha,3,500,1500
841,2024-09-03,September,North,Phone,Electronics,Amit,2,800,1600
842,2024-02-15,February,South,Monitor,Accessories,Amit,9,30000,270000
843,2024-05-17,May,South,Laptop,Electronics,Vikas,10,500,5000
844,2024-03-31,March,South,Tablet,Electronics,Vikas,18,30000,540000
845,2024-07-06,July,South,Mouse,Accessories,Riya,9,1200,10800
846,2024-07-13,July,North,Phone,Electronics,Rahul,6,1200,7200
847,2024-07-15,July,East,Mouse,Accessories,Rahul,7,800,5600
848,2024-01-04,January,North,Mouse,Accessories,Riya,16,1200,19200
849,2024-04-30,April,East,Mouse,Accessories,Amit,13,1200,15600
850,2024-02-29,February,North,Monitor,Accessories,Karan,15,5000,75000
851,2024-07-26,July,North,Keyboard,Accessories,Karan,16,500,8000
852,2024-08-06,August,West,Monitor,Accessories,Amit,6,800,4800
853,2024-05-16,May,East,Laptop,Electronics,Karan,7,500,3500
854,2024-10-11,October,North,Monitor,Accessories,Riya,8,1200,9600
855,2024-04-20,April,West,Keyboard,Accessories,Riya,8,5000,40000
856,2024-01-29,January,South,Laptop,Electronics,Neha,14,15000,210000
857,2024-02-21,February,North,Keyboard,Accessories,Karan,11,800,8800
858,2024-03-08,March,North,Tablet,Electronics,Karan,15,5000,75000
859,2024-04-15,April,East,Mouse,Accessories,Vikas,11,500,5500
860,2024-08-31,August,West,Laptop,Electronics,Sneha,4,30000,120000
861,2024-11-17,November,North,Phone,Electronics,Karan,17,500,8500
862,2024-11-27,November,South,Mouse,Accessories,Karan,2,15000,30000
863,2024-11-29,November,East,Mouse,Accessories,Neha,20,800,16000
864,2024-01-22,January,East,Monitor,Accessories,Neha,11,30000,330000
865,2024-11-02,November,West,Mouse,Accessories,Riya,8,500,4000
866,2024-05-26,May,West,Monitor,Accessories,Neha,7,500,3500
867,2024-06-09,June,South,Phone,Electronics,Riya,10,30000,300000
868,2024-03-25,March,North,Monitor,Accessories,Vikas,1,30000,30000
869,2024-09-01,September,East,Monitor,Accessories,Karan,8,500,4000
870,2024-04-20,April,South,Mouse,Accessories,Karan,7,15000,105000
871,2024-05-18,May,South,Phone,Electronics,Vikas,10,5000,50000
872,2024-06-24,June,West,Laptop,Electronics,Amit,14,800,11200
873,2024-05-02,May,North,Keyboard,Accessories,Neha,12,800,9600
874,2024-08-20,August,West,Keyboard,Accessories,Priya,9,15000,135000
875,2024-10-14,October,North,Phone,Electronics,Sneha,9,800,7200
876,2024-09-24,September,South,Monitor,Accessories,Vikas,5,800,4000
877,2024-08-04,August,South,Laptop,Electronics,Riya,6,800,4800
878,2024-05-09,May,South,Keyboard,Accessories,Neha,15,5000,75000
879,2024-07-27,July,North,Mouse,Accessories,Amit,9,30000,270000
880,2024-05-28,May,North,Monitor,Accessories,Sneha,4,500,2000
881,2024-02-07,February,West,Phone,Electronics,Sneha,5,5000,25000
882,2024-02-29,February,West,Mouse,Accessories,Rahul,17,15000,255000
883,2024-12-14,December,East,Monitor,Accessories,Rahul,17,15000,255000
884,2024-05-09,May,West,Monitor,Accessories,Neha,3,15000,45000
885,2024-05-01,May,West,Mouse,Accessories,Vikas,9,30000,270000
886,2024-02-07,February,North,Keyboard,Accessories,Karan,9,30000,270000
887,2024-08-15,August,West,Phone,Electronics,Vikas,11,500,5500
888,2024-06-15,June,South,Mouse,Accessories,Priya,6,5000,30000
889,2024-07-28,July,West,Laptop,Electronics,Neha,7,15000,105000
890,2024-12-28,December,East,Mouse,Accessories,Priya,8,1200,9600
891,2024-03-06,March,South,Mouse,Accessories,Rahul,16,1200,19200
892,2024-09-18,September,South,Tablet,Electronics,Priya,4,500,2000
893,2024-02-09,February,West,Keyboard,Accessories,Karan,14,30000,420000
894,2024-07-01,July,East,Tablet,Electronics,Priya,19,15000,285000
895,2024-12-20,December,North,Tablet,Electronics,Neha,6,5000,30000
896,2024-11-18,November,East,Monitor,Accessories,Rahul,12,500,6000
897,2024-10-30,October,South,Mouse,Accessories,Vikas,8,30000,240000
898,2024-02-03,February,West,Tablet,Electronics,Amit,9,800,7200
899,2024-09-30,September,West,Phone,Electronics,Sneha,1,15000,15000
900,2024-03-29,March,North,Laptop,Electronics,Rahul,3,500,1500
901,2024-03-30,March,East,Laptop,Electronics,Rahul,6,800,4800
902,2024-02-12,February,North,Laptop,Electronics,Rahul,1,500,500
903,2024-02-07,February,East,Phone,Electronics,Vikas,16,1200,19200
904,2024-09-02,September,East,Tablet,Electronics,Vikas,14,30000,420000
905,2024-03-24,March,East,Laptop,Electronics,Riya,3,1200,3600
906,2024-12-22,December,East,Laptop,Electronics,Neha,20,500,10000
907,2024-09-13,September,West,Mouse,Accessories,Neha,11,1200,13200
908,2024-01-27,January,South,Phone,Electronics,Priya,20,15000,300000
909,2024-01-09,January,South,Monitor,Accessories,Sneha,10,30000,300000
910,2024-02-03,February,South,Laptop,Electronics,Rahul,16,500,8000
911,2024-04-28,April,North,Mouse,Accessories,Karan,15,5000,75000
912,2024-01-07,January,South,Keyboard,Accessories,Rahul,14,800,11200
913,2024-05-12,May,West,Laptop,Electronics,Vikas,15,800,12000
914,2024-04-27,April,North,Mouse,Accessories,Rahul,2,500,1000
915,2024-11-23,November,West,Keyboard,Accessories,Rahul,10,800,8000
916,2024-12-05,December,East,Phone,Electronics,Neha,7,1200,8400
917,2024-08-25,August,East,Phone,Electronics,Sneha,2,800,1600
918,2024-06-05,June,North,Monitor,Accessories,Vikas,11,15000,165000
919,2024-06-15,June,South,Laptop,Electronics,Neha,10,500,5000
920,2024-01-16,January,South,Phone,Electronics,Vikas,8,5000,40000
921,2024-09-23,September,East,Laptop,Electronics,Karan,17,30000,510000
922,2024-02-24,February,North,Keyboard,Accessories,Priya,10,500,5000
923,2024-05-09,May,South,Monitor,Accessories,Karan,16,500,8000
924,2024-08-02,August,East,Tablet,Electronics,Karan,16,30000,480000
925,2024-01-27,January,North,Mouse,Accessories,Karan,11,15000,165000
926,2024-01-20,January,South,Laptop,Electronics,Riya,9,800,7200
927,2024-06-02,June,North,Monitor,Accessories,Vikas,20,500,10000
928,2024-03-15,March,West,Monitor,Accessories,Riya,17,500,8500
929,2024-05-27,May,South,Mouse,Accessories,Riya,2,500,1000
930,2024-03-24,March,West,Mouse,Accessories,Neha,3,1200,3600
931,2024-08-06,August,East,Phone,Electronics,Vikas,6,5000,30000
932,2024-10-09,October,North,Laptop,Electronics,Riya,8,5000,40000
933,2024-04-25,April,South,Tablet,Electronics,Sneha,13,5000,65000
934,2024-04-13,April,South,Monitor,Accessories,Rahul,13,30000,390000
935,2024-06-22,June,South,Monitor,Accessories,Amit,4,15000,60000
936,2024-12-22,December,South,Tablet,Electronics,Vikas,17,5000,85000
937,2024-06-23,June,South,Tablet,Electronics,Priya,6,30000,180000
938,2024-10-21,October,East,Laptop,Electronics,Amit,1,800,800
939,2024-01-20,January,East,Tablet,Electronics,Rahul,20,500,10000
940,2024-06-03,June,East,Tablet,Electronics,Vikas,9,1200,10800
941,2024-02-26,February,South,Monitor,Accessories,Amit,13,1200,15600
942,2024-10-17,October,South,Mouse,Accessories,Amit,14,30000,420000
943,2024-06-06,June,East,Mouse,Accessories,Vikas,6,800,4800
944,2024-03-09,March,South,Monitor,Accessories,Vikas,14,1200,16800
945,2024-03-29,March,East,Mouse,Accessories,Neha,2,1200,2400
946,2024-01-25,January,West,Mouse,Accessories,Vikas,18,30000,540000
947,2024-04-19,April,East,Monitor,Accessories,Vikas,15,30000,450000
948,2024-03-01,March,East,Phone,Electronics,Amit,3,500,1500
949,2024-02-06,February,North,Laptop,Electronics,Karan,8,1200,9600
950,2024-08-24,August,West,Mouse,Accessories,Sneha,2,800,1600
951,2024-11-22,November,West,Monitor,Accessories,Vikas,13,1200,15600
952,2024-06-29,June,North,Tablet,Electronics,Riya,10,30000,300000
953,2024-01-07,January,South,Monitor,Accessories,Rahul,15,5000,75000
954,2024-07-04,July,North,Phone,Electronics,Amit,12,15000,180000
955,2024-08-09,August,North,Monitor,Accessories,Neha,19,15000,285000
956,2024-09-25,September,East,Monitor,Accessories,Vikas,3,800,2400
957,2024-11-05,November,North,Laptop,Electronics,Rahul,8,30000,240000
958,2024-07-13,July,North,Tablet,Electronics,Priya,14,800,11200
959,2024-06-17,June,South,Phone,Electronics,Karan,11,1200,13200
960,2024-12-08,December,South,Keyboard,Accessories,Priya,17,500,8500
961,2024-01-09,January,North,Keyboard,Accessories,Vikas,6,800,4800
962,2024-09-15,September,North,Laptop,Electronics,Rahul,2,800,1600
963,2024-10-13,October,South,Keyboard,Accessories,Neha,15,800,12000
964,2024-08-05,August,South,Phone,Electronics,Sneha,15,500,7500
965,2024-08-03,August,South,Keyboard,Accessories,Karan,9,800,7200
966,2024-06-23,June,South,Laptop,Electronics,Rahul,3,500,1500
967,2024-09-21,September,South,Keyboard,Accessories,Rahul,9,800,7200
968,2024-10-26,October,North,Keyboard,Accessories,Karan,6,800,4800
969,2024-04-20,April,East,Mouse,Accessories,Priya,20,30000,600000
970,2024-01-01,January,West,Keyboard,Accessories,Riya,2,5000,10000
971,2024-07-31,July,South,Laptop,Electronics,Vikas,18,30000,540000
972,2024-04-20,April,East,Monitor,Accessories,Priya,6,30000,180000
973,2024-04-26,April,South,Mouse,Accessories,Priya,8,800,6400
974,2024-06-04,June,East,Tablet,Electronics,Neha,20,5000,100000
975,2024-02-13,February,South,Mouse,Accessories,Rahul,7,5000,35000
976,2024-09-15,September,East,Keyboard,Accessories,Neha,11,500,5500
977,2024-10-30,October,West,Monitor,Accessories,Karan,16,5000,80000
978,2024-04-11,April,West,Tablet,Electronics,Neha,16,15000,240000
979,2024-02-07,February,East,Keyboard,Accessories,Priya,6,800,4800
980,2024-06-30,June,West,Laptop,Electronics,Vikas,13,500,6500
981,2024-03-18,March,West,Tablet,Electronics,Amit,13,30000,390000
982,2024-09-17,September,West,Laptop,Electronics,Priya,16,1200,19200
983,2024-10-10,October,North,Keyboard,Accessories,Neha,10,800,8000
984,2024-07-23,July,East,Mouse,Accessories,Rahul,12,30000,360000
985,2024-10-09,October,West,Tablet,Electronics,Neha,6,15000,90000
986,2024-01-14,January,East,Tablet,Electronics,Karan,4,800,3200
987,2024-07-05,July,North,Monitor,Accessories,Vikas,16,1200,19200
988,2024-11-23,November,West,Keyboard,Accessories,Riya,18,1200,21600
989,2024-11-08,November,East,Tablet,Electronics,Amit,9,5000,45000
990,2024-07-04,July,North,Tablet,Electronics,Sneha,13,500,6500
991,2024-03-23,March,West,Tablet,Electronics,Amit,10,5000,50000
992,2024-01-31,January,South,Laptop,Electronics,Neha,7,800,5600
993,2024-01-30,January,West,Tablet,Electronics,Sneha,8,800,6400
994,2024-10-09,October,North,Laptop,Electronics,Neha,4,800,3200
995,2024-09-11,September,West,Monitor,Accessories,Priya,7,500,3500
996,2024-03-05,March,East,Laptop,Electronics,Amit,6,15000,90000
997,2024-03-04,March,North,Laptop,Electronics,Amit,2,800,1600
998,2024-08-25,August,South,Tablet,Electronics,Riya,6,500,3000
999,2024-07-02,July,South,Phone,Electronics,Vikas,7,15000,105000
1000,2024-07-19,July,West,Laptop,Electronics,Sneha,14,1200,16800
